Male,Female,NB,White,Black,Asian,Latina,Native-American,Sexuality,SAT,GPA,H_C1,H_C2,H_C3,,Gender,,,,Race,,,Sexuality,,College Choice
0,1,0,1,1,0,1,1,0,1150,3.61,0.348,0.372,0.374,Male(1),Female(2),Non-Binary(3),White,Black,Asian,Latino,Native American,LGBTQ,Not LGBTQ,3
1,0,0,1,1,1,1,0,1,372,2.88,0.587,0.522,0.613,0.5,0.3,0.2,0.6,0.1,0.24,0.05,0.01,0.3,0.7,3
0,1,0,1,0,0,0,0,0,1188,1.99,0.3,0.192,0.356,0.33,0.33,0.34,0.2,0.2,0.2,0.2,0.2,0.5,0.5,3
0,1,0,1,1,0,0,0,0,1387,2.17,0.33,0.252,0.362,0.79,0.2,0.01,0.92,0.02,0.02,0.02,0.02,0.01,0.99,3
1,0,0,0,0,0,1,1,0,1569,2.4,0.218,0.252,0.328,,,,,,,,,,,3
1,0,0,1,1,0,1,1,0,1047,1.4,0.428,0.372,0.61,,,SAT Reqs,GPA Reqs,,,,,,,3
1,0,0,1,0,0,1,1,0,436,2.46,0.398,0.312,0.604,,,800,2.5,,,,,,,3
1,0,0,1,1,1,1,1,1,1405,1.84,0.59,0.582,0.619,,,1000,3,,,,,,,3
0,1,0,1,0,1,0,0,1,1354,4.59,0.462,0.402,0.365,,,600,2,,,,,,,1
1,0,0,0,1,0,1,1,1,964,1.95,0.338,0.462,0.337,,,,,,,,,,,2
0,1,0,0,0,0,1,1,0,968,1.5,0.138,0.252,0.092,,,,,,,,,,,2
1,0,0,0,0,1,0,1,0,1175,2.14,0.275,0.252,0.328,,,,,,,,,,,3
0,1,0,1,0,1,0,1,0,550,1.79,0.375,0.312,0.368,,,,,,,,,,,1
1,0,0,1,0,0,0,1,1,383,2.06,0.473,0.402,0.601,,,,,,,,,,,3
0,1,0,1,0,0,1,1,1,709,2.31,0.408,0.462,0.371,,,,,,,,,,,2
1,0,0,1,1,0,1,0,1,366,3,0.515,0.462,0.607,,,,,,,,,,,3
0,1,0,1,0,0,1,1,0,1185,4.49,0.318,0.312,0.368,,,,,,,,,,,3
0,1,0,0,1,1,1,1,0,1252,1.28,0.24,0.372,0.104,,,,,,,,,,,2
0,1,0,0,0,1,0,1,0,1093,3.81,0.195,0.252,0.092,,,,,,,,,,,2
1,0,0,1,0,0,1,1,1,590,3.44,0.488,0.462,0.607,,,,,,,,,,,3
1,0,0,1,0,1,0,0,0,1055,4.63,0.452,0.252,0.598,,,,,,,,,,,3
0,1,0,1,1,0,1,0,1,1501,3.56,0.435,0.462,0.371,,,,,,,,,,,2
0,1,0,1,0,1,1,0,0,1003,1.76,0.387,0.312,0.368,,,,,,,,,,,1
1,0,0,1,0,1,1,0,1,304,1.76,0.557,0.462,0.607,,,,,,,,,,,3
0,1,0,0,0,0,1,1,0,764,1.4,0.138,0.252,0.092,,,,,,,,,,,2
0,1,0,1,0,0,1,1,1,990,1.31,0.408,0.462,0.371,,,,,,,,,,,2
1,0,0,1,1,1,0,1,1,623,4.26,0.575,0.522,0.613,,,,,,,,,,,3
0,1,0,0,1,1,1,1,0,552,2.59,0.24,0.372,0.104,,,,,,,,,,,2
1,0,0,0,1,1,1,0,1,347,3.76,0.407,0.462,0.337,,,,,,,,,,,2
1,0,0,1,0,1,1,1,1,853,4.02,0.56,0.522,0.613,,,,,,,,,,,3
0,1,0,1,0,1,1,0,0,366,4.67,0.387,0.312,0.368,,,,,,,,,,,1
1,0,0,0,1,0,0,1,1,1536,1.4,0.323,0.402,0.331,,,,,,,,,,,2
0,1,0,0,1,0,0,1,1,1503,4.7,0.243,0.402,0.095,,,,,,,,,,,2
0,1,0,0,1,1,0,1,0,235,2.11,0.225,0.312,0.098,,,,,,,,,,,2
1,0,0,1,0,0,0,0,0,702,4.04,0.38,0.192,0.592,,,,,,,,,,,3
0,1,0,0,0,0,0,1,0,1292,1.24,0.123,0.192,0.086,,,,,,,,,,,2
0,1,0,1,1,0,0,0,0,1376,3.57,0.33,0.252,0.362,,,,,,,,,,,3
1,0,0,0,1,0,1,0,1,220,2.83,0.335,0.402,0.331,,,,,,,,,,,2
0,1,0,0,0,1,0,1,0,1017,2.92,0.195,0.252,0.092,,,,,,,,,,,2
0,1,0,0,0,0,1,1,0,1529,2.23,0.138,0.252,0.092,,,,,,,,,,,2
0,1,0,0,1,0,1,1,1,1146,3.18,0.258,0.462,0.101,,,,,,,,,,,2
1,0,0,0,1,1,1,0,1,863,2.23,0.407,0.462,0.337,,,,,,,,,,,2
0,1,0,0,1,0,1,0,1,629,1.32,0.255,0.402,0.095,,,,,,,,,,,2
0,1,0,1,1,1,0,1,0,472,1.67,0.405,0.372,0.374,,,,,,,,,,,1
1,0,0,1,1,0,0,0,1,1550,4.52,0.5,0.402,0.601,,,,,,,,,,,3
0,1,0,1,0,0,1,0,0,1568,4.38,0.315,0.252,0.362,,,,,,,,,,,3
0,1,0,0,0,1,1,0,0,462,4.74,0.207,0.252,0.092,,,,,,,,,,,2
0,1,0,0,1,1,1,0,1,515,3.79,0.327,0.462,0.101,,,,,,,,,,,2
0,1,0,0,1,0,0,0,0,424,1.2,0.15,0.192,0.086,,,,,,,,,,,2
0,1,0,1,1,1,1,1,1,735,1.33,0.51,0.582,0.383,,,,,,,,,,,2
1,0,0,1,0,0,1,0,0,665,4.5,0.395,0.252,0.598,,,,,,,,,,,3
0,1,0,0,1,0,1,1,1,570,1.26,0.258,0.462,0.101,,,,,,,,,,,2
0,1,0,0,0,1,0,1,1,1128,2.06,0.285,0.402,0.095,,,,,,,,,,,2
0,1,0,0,0,1,0,0,1,1535,1.32,0.282,0.342,0.089,,,,,,,,,,,2
1,0,0,0,0,1,1,1,0,1124,4.69,0.29,0.312,0.334,,,,,,,,,,,3
0,1,0,1,0,1,1,0,0,1417,2.53,0.387,0.312,0.368,,,,,,,,,,,1
0,1,0,0,1,1,0,1,1,1182,3.86,0.315,0.462,0.101,,,,,,,,,,,2
0,1,0,1,0,1,1,0,0,321,2.23,0.387,0.312,0.368,,,,,,,,,,,1
1,0,0,1,1,0,0,1,1,1556,4.81,0.503,0.462,0.607,,,,,,,,,,,3
1,0,0,0,1,0,0,0,1,1389,4.15,0.32,0.342,0.325,,,,,,,,,,,2
0,1,0,0,0,0,1,0,1,395,2.94,0.225,0.342,0.089,,,,,,,,,,,2
1,0,0,0,1,1,0,0,0,1313,4.46,0.302,0.252,0.328,,,,,,,,,,,3
0,1,0,0,1,1,0,0,1,545,4.59,0.312,0.402,0.095,,,,,,,,,,,2
0,1,0,1,1,0,0,1,0,670,4.33,0.333,0.312,0.368,,,,,,,,,,,3
0,1,0,1,0,1,0,1,0,548,4.11,0.375,0.312,0.368,,,,,,,,,,,1
1,0,0,1,0,0,1,1,0,412,2.6,0.398,0.312,0.604,,,,,,,,,,,3
0,1,0,1,1,0,1,0,0,665,3.01,0.345,0.312,0.368,,,,,,,,,,,3
0,1,0,1,0,0,1,0,0,1189,3.22,0.315,0.252,0.362,,,,,,,,,,,3
1,0,0,1,0,0,1,1,1,1098,4.87,0.488,0.462,0.607,,,,,,,,,,,3
1,0,0,1,1,1,0,0,1,1101,3.4,0.572,0.462,0.607,,,,,,,,,,,3
1,0,0,1,1,1,1,1,1,551,2.78,0.59,0.582,0.619,,,,,,,,,,,3
1,0,0,0,1,0,1,1,0,347,2.2,0.248,0.312,0.334,,,,,,,,,,,3
1,0,0,1,0,1,0,0,1,674,2.35,0.542,0.402,0.601,,,,,,,,,,,3
1,0,0,0,0,0,1,1,1,1103,1.83,0.308,0.402,0.331,,,,,,,,,,,2
0,1,0,0,0,0,0,0,1,517,2.44,0.21,0.282,0.083,,,,,,,,,,,2
0,1,0,1,0,1,0,1,1,351,2.54,0.465,0.462,0.371,,,,,,,,,,,1
0,1,0,1,0,1,1,0,1,594,1.53,0.477,0.462,0.371,,,,,,,,,,,1
0,1,0,0,1,1,1,1,0,273,1.19,0.24,0.372,0.104,,,,,,,,,,,2
1,0,0,0,0,0,0,1,1,1065,1.91,0.293,0.342,0.325,,,,,,,,,,,2
0,1,0,1,0,0,0,0,1,241,4.38,0.39,0.342,0.359,,,,,,,,,,,1
0,1,0,0,0,0,0,1,0,1296,3.83,0.123,0.192,0.086,,,,,,,,,,,2
1,0,0,1,0,0,1,1,0,781,1.6,0.398,0.312,0.604,,,,,,,,,,,3
1,0,0,0,1,1,1,0,1,913,4.77,0.407,0.462,0.337,,,,,,,,,,,2
1,0,0,0,1,0,1,1,1,202,1.04,0.338,0.462,0.337,,,,,,,,,,,2
0,1,0,1,0,0,1,0,0,1011,2.93,0.315,0.252,0.362,,,,,,,,,,,3
0,1,0,1,1,0,1,1,1,347,2.43,0.438,0.522,0.377,,,,,,,,,,,2
0,1,0,1,1,0,1,1,0,1044,1.73,0.348,0.372,0.374,,,,,,,,,,,3
0,1,0,0,1,1,1,1,1,1159,1.73,0.33,0.522,0.107,,,,,,,,,,,2
0,1,0,1,1,1,0,1,0,350,4.58,0.405,0.372,0.374,,,,,,,,,,,1
1,0,0,1,0,0,1,0,0,1577,2.6,0.395,0.252,0.598,,,,,,,,,,,3
1,0,0,1,0,1,1,0,0,310,1.23,0.467,0.312,0.604,,,,,,,,,,,3
0,1,0,0,1,0,0,0,1,1064,2.47,0.24,0.342,0.089,,,,,,,,,,,2
1,0,0,0,1,1,1,1,1,1488,4.98,0.41,0.522,0.343,,,,,,,,,,,2
1,0,0,0,1,0,0,1,1,496,3.44,0.323,0.402,0.331,,,,,,,,,,,2
1,0,0,0,0,0,1,0,0,997,3.91,0.215,0.192,0.322,,,,,,,,,,,3
0,1,0,1,0,1,1,1,0,305,1.02,0.39,0.372,0.374,,,,,,,,,,,1
0,1,0,1,0,1,0,0,1,1146,2.76,0.462,0.402,0.365,,,,,,,,,,,1
1,0,0,0,1,0,1,1,1,1200,3.34,0.338,0.462,0.337,,,,,,,,,,,2
0,1,0,1,1,0,0,0,1,1479,2.81,0.42,0.402,0.365,,,,,,,,,,,1
1,0,0,1,0,0,1,0,1,1236,4.18,0.485,0.402,0.601,,,,,,,,,,,3
0,1,0,0,1,0,0,1,0,708,3.46,0.153,0.252,0.092,,,,,,,,,,,2
0,1,0,1,0,0,0,1,0,371,4.01,0.303,0.252,0.362,,,,,,,,,,,3
0,1,0,0,1,1,0,0,1,1052,1.85,0.312,0.402,0.095,,,,,,,,,,,2
0,1,0,0,0,1,1,1,0,868,3.17,0.21,0.312,0.098,,,,,,,,,,,2
0,1,0,1,0,0,1,0,0,941,4.86,0.315,0.252,0.362,,,,,,,,,,,3
0,1,0,0,0,1,1,1,0,764,3.18,0.21,0.312,0.098,,,,,,,,,,,2
0,1,0,0,1,0,0,0,1,307,2.76,0.24,0.342,0.089,,,,,,,,,,,2
1,0,0,0,0,0,0,1,0,668,2.99,0.203,0.192,0.322,,,,,,,,,,,3
1,0,0,1,0,0,1,1,1,927,3.84,0.488,0.462,0.607,,,,,,,,,,,3
1,0,0,0,1,1,0,0,1,1276,4.9,0.392,0.402,0.331,,,,,,,,,,,2
1,0,0,1,1,0,1,0,0,1358,2.92,0.425,0.312,0.604,,,,,,,,,,,3
1,0,0,1,1,0,0,1,0,439,1.45,0.413,0.312,0.604,,,,,,,,,,,3
0,1,0,1,1,1,1,0,0,391,2.2,0.417,0.372,0.374,,,,,,,,,,,1
0,1,0,0,1,1,0,0,0,1143,3.4,0.222,0.252,0.092,,,,,,,,,,,2
1,0,0,1,1,0,0,1,1,1103,4.67,0.503,0.462,0.607,,,,,,,,,,,3
1,0,0,0,0,1,0,0,0,333,1.61,0.272,0.192,0.322,,,,,,,,,,,3
0,1,0,1,0,0,1,1,1,806,1.54,0.408,0.462,0.371,,,,,,,,,,,2
1,0,0,0,0,1,0,0,0,286,1.06,0.272,0.192,0.322,,,,,,,,,,,3
0,1,0,1,0,0,0,0,1,1417,3.46,0.39,0.342,0.359,,,,,,,,,,,1
0,1,0,0,1,1,0,0,1,1579,1.28,0.312,0.402,0.095,,,,,,,,,,,2
0,1,0,0,0,0,0,1,1,381,1.68,0.213,0.342,0.089,,,,,,,,,,,2
1,0,0,1,1,0,1,1,0,383,2.06,0.428,0.372,0.61,,,,,,,,,,,3
1,0,0,1,1,1,0,1,0,1473,4.3,0.485,0.372,0.61,,,,,,,,,,,3
1,0,0,1,0,0,1,1,0,495,4.51,0.398,0.312,0.604,,,,,,,,,,,3
0,1,0,0,1,0,0,1,1,953,2.35,0.243,0.402,0.095,,,,,,,,,,,2
1,0,0,0,0,0,1,0,0,1136,4.68,0.215,0.192,0.322,,,,,,,,,,,3
1,0,0,1,0,1,0,1,1,1357,2.67,0.545,0.462,0.607,,,,,,,,,,,3
0,1,0,0,1,0,1,0,0,607,4.48,0.165,0.252,0.092,,,,,,,,,,,2
1,0,0,1,0,1,0,0,1,911,1.97,0.542,0.402,0.601,,,,,,,,,,,3
0,1,0,0,0,0,1,0,1,1317,4.35,0.225,0.342,0.089,,,,,,,,,,,2
0,1,0,1,1,0,0,1,1,935,2.07,0.423,0.462,0.371,,,,,,,,,,,2
1,0,0,0,0,1,1,1,1,314,1.08,0.38,0.462,0.337,,,,,,,,,,,2
0,1,0,0,0,0,1,1,0,703,4.92,0.138,0.252,0.092,,,,,,,,,,,2
1,0,0,1,0,0,1,0,0,1497,2.54,0.395,0.252,0.598,,,,,,,,,,,3
0,1,0,1,0,0,0,0,1,898,4.8,0.39,0.342,0.359,,,,,,,,,,,1
1,0,0,0,0,1,0,0,0,1273,4.51,0.272,0.192,0.322,,,,,,,,,,,3
1,0,0,0,0,0,1,0,1,771,4.56,0.305,0.342,0.325,,,,,,,,,,,2
1,0,0,1,1,1,0,0,0,398,2.51,0.482,0.312,0.604,,,,,,,,,,,3
1,0,0,1,0,1,1,0,0,984,3.47,0.467,0.312,0.604,,,,,,,,,,,3
1,0,0,1,1,1,0,1,0,1469,4.15,0.485,0.372,0.61,,,,,,,,,,,3
1,0,0,0,1,0,0,1,1,1284,4.19,0.323,0.402,0.331,,,,,,,,,,,2
1,0,0,1,0,0,0,1,0,1343,4.25,0.383,0.252,0.598,,,,,,,,,,,3
0,1,0,1,1,1,1,1,0,805,4.67,0.42,0.432,0.38,,,,,,,,,,,2
1,0,0,0,1,0,0,1,0,669,3.58,0.233,0.252,0.328,,,,,,,,,,,3
1,0,0,0,0,1,1,0,0,346,3.07,0.287,0.252,0.328,,,,,,,,,,,3
1,0,0,1,1,0,1,1,0,1021,4.13,0.428,0.372,0.61,,,,,,,,,,,3
0,1,0,1,1,1,0,1,0,202,2.09,0.405,0.372,0.374,,,,,,,,,,,1
0,1,0,1,1,0,0,1,1,1081,4.33,0.423,0.462,0.371,,,,,,,,,,,2
0,1,0,0,1,0,1,0,1,338,1.69,0.255,0.402,0.095,,,,,,,,,,,2
0,1,0,0,1,0,1,1,0,854,3.09,0.168,0.312,0.098,,,,,,,,,,,2
0,1,0,0,1,0,1,1,1,817,4.28,0.258,0.462,0.101,,,,,,,,,,,2
0,1,0,1,1,0,1,1,1,767,4.07,0.438,0.522,0.377,,,,,,,,,,,2
1,0,0,0,0,1,1,1,1,1593,4.16,0.38,0.462,0.337,,,,,,,,,,,2
1,0,0,1,0,1,0,1,0,1194,4.65,0.455,0.312,0.604,,,,,,,,,,,3
0,1,0,0,1,1,0,1,0,424,2.01,0.225,0.312,0.098,,,,,,,,,,,2
1,0,0,0,0,0,1,0,0,705,2.32,0.215,0.192,0.322,,,,,,,,,,,3
0,1,0,1,1,0,0,0,0,1340,1.45,0.33,0.252,0.362,,,,,,,,,,,3
0,1,0,0,1,1,1,0,1,1103,3.92,0.327,0.462,0.101,,,,,,,,,,,2
1,0,0,0,0,0,1,0,1,1028,1.67,0.305,0.342,0.325,,,,,,,,,,,2
0,1,0,1,1,1,1,1,0,656,2.71,0.42,0.432,0.38,,,,,,,,,,,2
0,1,0,0,0,0,0,0,0,1299,4.02,0.12,0.132,0.08,,,,,,,,,,,2
1,0,0,0,1,1,1,0,1,850,3,0.407,0.462,0.337,,,,,,,,,,,2
1,0,0,1,0,1,1,1,0,1309,4.69,0.47,0.372,0.61,,,,,,,,,,,3
1,0,0,1,0,0,1,0,0,1273,2.07,0.395,0.252,0.598,,,,,,,,,,,3
1,0,0,1,0,1,0,1,1,248,1.18,0.545,0.462,0.607,,,,,,,,,,,3
0,1,0,1,0,0,1,0,1,1442,3.75,0.405,0.402,0.365,,,,,,,,,,,1
0,1,0,1,0,1,1,1,1,257,4.45,0.48,0.522,0.377,,,,,,,,,,,2
0,1,0,1,1,0,1,0,0,755,2.04,0.345,0.312,0.368,,,,,,,,,,,3
1,0,0,0,0,0,0,0,1,1583,3.22,0.29,0.282,0.319,,,,,,,,,,,3
1,0,0,1,0,0,1,1,0,1390,4.02,0.398,0.312,0.604,,,,,,,,,,,3
0,1,0,1,1,0,1,0,0,1271,1.47,0.345,0.312,0.368,,,,,,,,,,,3
1,0,0,0,0,1,0,0,1,1137,4.86,0.362,0.342,0.325,,,,,,,,,,,1
0,1,0,0,0,0,0,0,1,508,2.87,0.21,0.282,0.083,,,,,,,,,,,2
1,0,0,1,1,0,1,1,1,838,2.05,0.518,0.522,0.613,,,,,,,,,,,3
1,0,0,1,1,0,1,0,1,403,1.44,0.515,0.462,0.607,,,,,,,,,,,3
1,0,0,1,0,1,1,0,0,543,3.85,0.467,0.312,0.604,,,,,,,,,,,3
0,1,0,1,1,0,0,0,1,1127,2.75,0.42,0.402,0.365,,,,,,,,,,,1
0,1,0,1,1,1,1,1,0,1409,3.31,0.42,0.432,0.38,,,,,,,,,,,2
0,1,0,0,0,0,0,1,1,1596,1.82,0.213,0.342,0.089,,,,,,,,,,,2
1,0,0,1,1,1,0,0,0,1254,3.45,0.482,0.312,0.604,,,,,,,,,,,3
1,0,0,1,0,0,0,0,0,868,4.95,0.38,0.192,0.592,,,,,,,,,,,3
1,0,0,1,1,1,0,1,1,1504,2.7,0.575,0.522,0.613,,,,,,,,,,,3
1,0,0,0,1,0,0,0,0,1352,4.74,0.23,0.192,0.322,,,,,,,,,,,3
1,0,0,1,1,1,0,1,0,395,1.69,0.485,0.372,0.61,,,,,,,,,,,3
1,0,0,1,1,0,1,1,0,358,3.45,0.428,0.372,0.61,,,,,,,,,,,3
0,1,0,1,0,0,0,0,0,869,1.89,0.3,0.192,0.356,,,,,,,,,,,3
1,0,0,0,1,0,1,1,1,863,3.71,0.338,0.462,0.337,,,,,,,,,,,2
0,1,0,0,0,1,0,1,1,1255,1.18,0.285,0.402,0.095,,,,,,,,,,,2
1,0,0,0,0,0,1,1,1,636,1.65,0.308,0.402,0.331,,,,,,,,,,,2
1,0,0,1,0,0,0,0,0,1161,4.11,0.38,0.192,0.592,,,,,,,,,,,3
1,0,0,1,1,1,0,0,0,383,1.75,0.482,0.312,0.604,,,,,,,,,,,3
1,0,0,0,0,0,1,0,1,402,1.59,0.305,0.342,0.325,,,,,,,,,,,2
1,0,0,0,0,1,0,0,0,1447,1.04,0.272,0.192,0.322,,,,,,,,,,,3
1,0,0,1,0,1,1,0,0,1287,4.27,0.467,0.312,0.604,,,,,,,,,,,3
0,1,0,0,1,1,1,0,0,1306,4.92,0.237,0.312,0.098,,,,,,,,,,,2
1,0,0,1,0,0,1,1,0,1200,2.64,0.398,0.312,0.604,,,,,,,,,,,3
1,0,0,0,1,0,1,0,0,1114,3.03,0.245,0.252,0.328,,,,,,,,,,,3
0,1,0,0,0,0,0,1,0,531,4.65,0.123,0.192,0.086,,,,,,,,,,,2
0,1,0,0,1,1,1,1,0,1270,4.08,0.24,0.372,0.104,,,,,,,,,,,2
1,0,0,1,1,1,0,0,0,917,2.69,0.482,0.312,0.604,,,,,,,,,,,3
0,1,0,0,1,0,0,1,0,524,4.67,0.153,0.252,0.092,,,,,,,,,,,2
1,0,0,0,1,1,0,1,1,1526,3.99,0.395,0.462,0.337,,,,,,,,,,,2
1,0,0,0,0,0,0,1,1,581,3.82,0.293,0.342,0.325,,,,,,,,,,,2
1,0,0,0,0,0,1,0,0,1578,3.29,0.215,0.192,0.322,,,,,,,,,,,3
0,1,0,0,1,0,0,1,0,816,2.97,0.153,0.252,0.092,,,,,,,,,,,2
0,1,0,0,0,1,0,1,0,716,1.08,0.195,0.252,0.092,,,,,,,,,,,2
1,0,0,0,1,0,1,1,0,944,3.12,0.248,0.312,0.334,,,,,,,,,,,3
1,0,0,1,0,1,0,1,0,725,1.15,0.455,0.312,0.604,,,,,,,,,,,3
1,0,0,0,1,1,0,0,0,1088,2.15,0.302,0.252,0.328,,,,,,,,,,,3
0,1,0,1,0,0,1,1,1,248,3.13,0.408,0.462,0.371,,,,,,,,,,,2
1,0,0,0,1,1,1,0,1,514,4.49,0.407,0.462,0.337,,,,,,,,,,,2
0,1,0,1,1,1,0,1,0,888,2.91,0.405,0.372,0.374,,,,,,,,,,,1
1,0,0,0,1,0,0,1,1,962,4.97,0.323,0.402,0.331,,,,,,,,,,,2
1,0,0,0,1,1,1,0,0,770,3,0.317,0.312,0.334,,,,,,,,,,,3
0,1,0,1,1,1,1,1,1,833,4.77,0.51,0.582,0.383,,,,,,,,,,,2
1,0,0,0,0,0,1,0,0,393,2.42,0.215,0.192,0.322,,,,,,,,,,,3
0,1,0,1,1,0,1,1,0,1356,4.82,0.348,0.372,0.374,,,,,,,,,,,3
0,1,0,1,0,1,0,1,0,412,4.15,0.375,0.312,0.368,,,,,,,,,,,1
0,1,0,1,1,0,1,0,1,1353,3.27,0.435,0.462,0.371,,,,,,,,,,,2
1,0,0,0,1,1,1,1,1,603,4.72,0.41,0.522,0.343,,,,,,,,,,,2
1,0,0,0,0,0,0,0,1,817,1.52,0.29,0.282,0.319,,,,,,,,,,,3
0,1,0,1,0,0,1,1,0,204,3.88,0.318,0.312,0.368,,,,,,,,,,,3
1,0,0,1,0,1,0,0,1,1348,1.61,0.542,0.402,0.601,,,,,,,,,,,3
1,0,0,1,0,0,1,1,1,378,2.68,0.488,0.462,0.607,,,,,,,,,,,3
0,1,0,1,0,1,0,1,1,388,4.23,0.465,0.462,0.371,,,,,,,,,,,1
0,1,0,0,1,0,0,0,1,596,2.24,0.24,0.342,0.089,,,,,,,,,,,2
1,0,0,1,1,1,0,1,0,875,1.6,0.485,0.372,0.61,,,,,,,,,,,3
0,1,0,1,0,0,0,0,1,1413,1.78,0.39,0.342,0.359,,,,,,,,,,,1
1,0,0,1,1,1,1,0,1,675,2.21,0.587,0.522,0.613,,,,,,,,,,,3
0,1,0,1,0,1,1,0,1,874,2.17,0.477,0.462,0.371,,,,,,,,,,,1
1,0,0,0,0,1,1,0,0,954,2.59,0.287,0.252,0.328,,,,,,,,,,,3
1,0,0,0,1,0,0,0,1,926,2.11,0.32,0.342,0.325,,,,,,,,,,,2
0,1,0,0,1,1,0,0,1,1144,1.94,0.312,0.402,0.095,,,,,,,,,,,2
0,1,0,0,1,1,1,1,0,280,3.76,0.24,0.372,0.104,,,,,,,,,,,2
1,0,0,1,0,0,1,0,0,835,1.19,0.395,0.252,0.598,,,,,,,,,,,3
0,1,0,1,1,0,1,1,1,885,1.07,0.438,0.522,0.377,,,,,,,,,,,2
0,1,0,0,0,1,0,0,0,937,1.72,0.192,0.192,0.086,,,,,,,,,,,FALSE
1,0,0,1,0,0,0,1,1,567,1.4,0.473,0.402,0.601,,,,,,,,,,,3
1,0,0,1,0,1,0,0,0,1574,2.08,0.452,0.252,0.598,,,,,,,,,,,3
0,1,0,0,1,0,1,0,0,684,3.41,0.165,0.252,0.092,,,,,,,,,,,2
1,0,0,1,1,1,0,0,0,1389,3.58,0.482,0.312,0.604,,,,,,,,,,,3
1,0,0,1,1,0,1,1,0,1436,3.87,0.428,0.372,0.61,,,,,,,,,,,3
1,0,0,1,0,1,1,1,1,1089,4.56,0.56,0.522,0.613,,,,,,,,,,,3
0,1,0,1,0,0,1,1,1,1093,3.82,0.408,0.462,0.371,,,,,,,,,,,2
0,1,0,1,1,1,1,0,1,681,4.75,0.507,0.522,0.377,,,,,,,,,,,2
0,1,0,1,0,0,1,0,1,777,4.27,0.405,0.402,0.365,,,,,,,,,,,1
0,1,0,0,0,0,1,0,0,1491,1.21,0.135,0.192,0.086,,,,,,,,,,,2
0,1,0,1,0,0,0,1,0,269,4.14,0.303,0.252,0.362,,,,,,,,,,,3
1,0,0,0,1,1,1,1,1,811,4.79,0.41,0.522,0.343,,,,,,,,,,,2
0,1,0,0,1,0,0,1,1,328,1.53,0.243,0.402,0.095,,,,,,,,,,,2
0,1,0,0,1,0,0,0,0,1539,4.19,0.15,0.192,0.086,,,,,,,,,,,2
1,0,0,1,0,0,0,0,0,1052,4,0.38,0.192,0.592,,,,,,,,,,,3
0,1,0,1,1,1,1,0,1,1415,2.13,0.507,0.522,0.377,,,,,,,,,,,2
0,1,0,1,0,1,0,1,0,568,3.28,0.375,0.312,0.368,,,,,,,,,,,1
0,1,0,1,1,1,0,0,0,1424,3.2,0.402,0.312,0.368,,,,,,,,,,,1
1,0,0,0,1,1,0,1,1,1595,2.14,0.395,0.462,0.337,,,,,,,,,,,2
0,1,0,0,1,0,1,1,0,1041,2.6,0.168,0.312,0.098,,,,,,,,,,,2
1,0,0,1,1,0,0,1,1,1444,2.91,0.503,0.462,0.607,,,,,,,,,,,3
0,1,0,1,1,0,0,0,1,793,2.86,0.42,0.402,0.365,,,,,,,,,,,1
0,1,0,1,1,0,1,1,0,1454,4.22,0.348,0.372,0.374,,,,,,,,,,,3
1,0,0,0,1,0,1,1,0,661,2.84,0.248,0.312,0.334,,,,,,,,,,,3
0,1,0,0,0,0,1,1,1,280,1.87,0.228,0.402,0.095,,,,,,,,,,,2
0,1,0,1,0,0,0,1,0,759,1.86,0.303,0.252,0.362,,,,,,,,,,,3
1,0,0,1,0,0,0,1,1,914,4.89,0.473,0.402,0.601,,,,,,,,,,,3
0,1,0,1,0,0,1,1,0,312,2.41,0.318,0.312,0.368,,,,,,,,,,,3
1,0,0,1,1,0,0,0,1,527,2.83,0.5,0.402,0.601,,,,,,,,,,,3
0,1,0,1,0,1,1,1,0,1352,3.05,0.39,0.372,0.374,,,,,,,,,,,1
1,0,0,0,0,1,0,1,0,375,2.35,0.275,0.252,0.328,,,,,,,,,,,3
0,1,0,0,1,0,0,1,0,621,2.28,0.153,0.252,0.092,,,,,,,,,,,2
0,1,0,0,0,1,0,1,0,590,2.44,0.195,0.252,0.092,,,,,,,,,,,2
0,1,0,1,0,0,0,1,0,237,3.21,0.303,0.252,0.362,,,,,,,,,,,3
0,1,0,1,1,0,0,1,1,673,2.37,0.423,0.462,0.371,,,,,,,,,,,2
1,0,0,1,0,0,0,1,0,1159,3.83,0.383,0.252,0.598,,,,,,,,,,,3
1,0,0,1,0,0,1,0,1,689,4.36,0.485,0.402,0.601,,,,,,,,,,,3
0,1,0,1,1,0,0,0,0,642,4.35,0.33,0.252,0.362,,,,,,,,,,,3
0,1,0,0,0,0,0,1,1,709,4.3,0.213,0.342,0.089,,,,,,,,,,,2
1,0,0,0,0,0,0,0,0,1124,1.9,0.2,0.132,0.316,,,,,,,,,,,3
1,0,0,0,1,1,0,1,1,388,1.52,0.395,0.462,0.337,,,,,,,,,,,2
0,1,0,0,1,1,0,1,0,1517,3.85,0.225,0.312,0.098,,,,,,,,,,,2
0,1,0,0,1,1,1,0,1,580,4.47,0.327,0.462,0.101,,,,,,,,,,,2
1,0,0,0,0,1,1,0,1,1524,2.61,0.377,0.402,0.331,,,,,,,,,,,2
1,0,0,1,1,0,1,0,1,1447,2.92,0.515,0.462,0.607,,,,,,,,,,,3
1,0,0,0,0,1,0,1,0,1280,4.27,0.275,0.252,0.328,,,,,,,,,,,3
1,0,0,0,1,0,0,0,0,1400,3.83,0.23,0.192,0.322,,,,,,,,,,,3
1,0,0,0,1,0,1,1,1,1130,1.38,0.338,0.462,0.337,,,,,,,,,,,2
1,0,0,1,0,1,1,0,1,1230,1.65,0.557,0.462,0.607,,,,,,,,,,,3
0,1,0,1,1,0,0,1,0,1304,1.77,0.333,0.312,0.368,,,,,,,,,,,3
1,0,0,0,0,0,0,0,0,280,2.03,0.2,0.132,0.316,,,,,,,,,,,3
1,0,0,0,1,1,1,0,0,806,4.16,0.317,0.312,0.334,,,,,,,,,,,3
0,1,0,0,1,0,0,1,1,700,1.93,0.243,0.402,0.095,,,,,,,,,,,2
0,1,0,0,0,1,1,1,0,1301,2.75,0.21,0.312,0.098,,,,,,,,,,,2
1,0,0,0,0,0,1,0,1,1297,4.81,0.305,0.342,0.325,,,,,,,,,,,2
0,1,0,0,1,1,1,1,0,986,4.37,0.24,0.372,0.104,,,,,,,,,,,2
1,0,0,0,0,0,1,0,0,747,4.84,0.215,0.192,0.322,,,,,,,,,,,3
0,1,0,0,0,0,0,1,0,1307,2.23,0.123,0.192,0.086,,,,,,,,,,,2
1,0,0,1,0,0,1,1,0,313,1.56,0.398,0.312,0.604,,,,,,,,,,,3
0,1,0,1,0,1,1,1,0,612,1.76,0.39,0.372,0.374,,,,,,,,,,,1
0,1,0,0,0,0,1,1,1,677,2.01,0.228,0.402,0.095,,,,,,,,,,,2
0,1,0,0,0,0,1,0,0,536,3.38,0.135,0.192,0.086,,,,,,,,,,,2
1,0,0,1,0,1,0,1,1,1303,2.9,0.545,0.462,0.607,,,,,,,,,,,3
0,1,0,1,1,0,0,1,1,512,2.35,0.423,0.462,0.371,,,,,,,,,,,2
0,1,0,1,0,1,1,0,1,709,4.24,0.477,0.462,0.371,,,,,,,,,,,1
1,0,0,0,0,1,1,1,0,974,4.81,0.29,0.312,0.334,,,,,,,,,,,3
1,0,0,0,0,1,0,1,0,347,1.15,0.275,0.252,0.328,,,,,,,,,,,3
1,0,0,0,0,0,1,0,1,1034,3.46,0.305,0.342,0.325,,,,,,,,,,,2
1,0,0,1,0,1,0,0,0,908,2.66,0.452,0.252,0.598,,,,,,,,,,,3
1,0,0,1,0,1,1,0,1,525,3.99,0.557,0.462,0.607,,,,,,,,,,,3
0,1,0,1,0,1,0,0,1,1209,4.09,0.462,0.402,0.365,,,,,,,,,,,1
1,0,0,1,1,0,0,0,0,1332,2.3,0.41,0.252,0.598,,,,,,,,,,,3
1,0,0,1,0,0,0,1,1,1507,2.6,0.473,0.402,0.601,,,,,,,,,,,3
0,1,0,0,1,0,1,0,1,639,2.25,0.255,0.402,0.095,,,,,,,,,,,2
0,1,0,0,0,1,0,0,1,867,2.06,0.282,0.342,0.089,,,,,,,,,,,2
1,0,0,1,1,1,0,0,0,638,4.12,0.482,0.312,0.604,,,,,,,,,,,3
0,1,0,1,1,0,0,1,0,783,2.45,0.333,0.312,0.368,,,,,,,,,,,3
1,0,0,1,0,1,0,1,0,1516,3.09,0.455,0.312,0.604,,,,,,,,,,,3
0,1,0,0,1,1,0,0,1,1205,1.52,0.312,0.402,0.095,,,,,,,,,,,2
1,0,0,1,1,0,1,1,0,1324,1.94,0.428,0.372,0.61,,,,,,,,,,,3
0,1,0,0,0,0,0,1,0,949,3.69,0.123,0.192,0.086,,,,,,,,,,,2
1,0,0,0,1,1,1,0,0,540,3.38,0.317,0.312,0.334,,,,,,,,,,,3
0,1,0,1,0,0,0,0,1,723,4.36,0.39,0.342,0.359,,,,,,,,,,,1
1,0,0,0,0,0,0,1,0,845,3.61,0.203,0.192,0.322,,,,,,,,,,,3
1,0,0,1,1,0,0,0,1,1355,2.79,0.5,0.402,0.601,,,,,,,,,,,3
0,1,0,1,0,1,0,0,1,1002,4.46,0.462,0.402,0.365,,,,,,,,,,,1
0,1,0,0,1,1,1,1,0,1297,1.65,0.24,0.372,0.104,,,,,,,,,,,2
1,0,0,0,1,0,0,0,1,629,4.95,0.32,0.342,0.325,,,,,,,,,,,2
0,1,0,0,0,1,0,0,0,980,1.57,0.192,0.192,0.086,,,,,,,,,,,FALSE
1,0,0,0,0,1,1,1,1,1159,3.95,0.38,0.462,0.337,,,,,,,,,,,2
1,0,0,0,1,0,0,0,1,1115,1.62,0.32,0.342,0.325,,,,,,,,,,,2
0,1,0,0,1,1,1,1,1,1066,3.26,0.33,0.522,0.107,,,,,,,,,,,2
1,0,0,0,1,0,1,1,0,913,4.51,0.248,0.312,0.334,,,,,,,,,,,3
0,1,0,1,0,0,0,0,0,742,1.06,0.3,0.192,0.356,,,,,,,,,,,3
0,1,0,1,1,1,1,0,0,511,1.18,0.417,0.372,0.374,,,,,,,,,,,1
0,1,0,1,0,0,1,1,1,367,1.66,0.408,0.462,0.371,,,,,,,,,,,2
1,0,0,1,1,0,1,1,0,564,4.26,0.428,0.372,0.61,,,,,,,,,,,3
0,1,0,1,1,0,1,0,1,727,4.13,0.435,0.462,0.371,,,,,,,,,,,2
1,0,0,1,0,1,0,1,0,1031,4.1,0.455,0.312,0.604,,,,,,,,,,,3
0,1,0,0,1,1,1,1,0,635,4.6,0.24,0.372,0.104,,,,,,,,,,,2
1,0,0,0,1,0,1,1,1,1371,3.07,0.338,0.462,0.337,,,,,,,,,,,2
1,0,0,1,0,0,1,0,0,1093,1.9,0.395,0.252,0.598,,,,,,,,,,,3
1,0,0,1,1,1,0,0,0,1153,1.52,0.482,0.312,0.604,,,,,,,,,,,3
1,0,0,0,0,0,1,0,1,1412,1.25,0.305,0.342,0.325,,,,,,,,,,,2
1,0,0,1,1,0,0,0,0,1312,3.66,0.41,0.252,0.598,,,,,,,,,,,3
1,0,0,1,1,0,1,0,1,1581,3.57,0.515,0.462,0.607,,,,,,,,,,,3
1,0,0,0,1,1,1,1,0,624,2.03,0.32,0.372,0.34,,,,,,,,,,,2
1,0,0,1,0,1,0,0,1,1346,4.64,0.542,0.402,0.601,,,,,,,,,,,3
1,0,0,1,0,0,1,1,1,1384,2.06,0.488,0.462,0.607,,,,,,,,,,,3
0,1,0,0,0,0,0,1,0,371,4.17,0.123,0.192,0.086,,,,,,,,,,,2
1,0,0,0,1,1,1,1,1,1572,1.91,0.41,0.522,0.343,,,,,,,,,,,2
1,0,0,0,0,0,1,1,1,463,3.01,0.308,0.402,0.331,,,,,,,,,,,2
1,0,0,0,1,0,0,1,0,1349,3.51,0.233,0.252,0.328,,,,,,,,,,,3
0,1,0,1,0,0,0,1,1,1485,2.01,0.393,0.402,0.365,,,,,,,,,,,2
1,0,0,0,0,0,0,0,1,1465,4.59,0.29,0.282,0.319,,,,,,,,,,,3
1,0,0,0,0,0,0,0,0,870,2.14,0.2,0.132,0.316,,,,,,,,,,,3
1,0,0,0,0,0,1,1,0,852,2.16,0.218,0.252,0.328,,,,,,,,,,,3
0,1,0,1,0,1,1,1,1,252,2.45,0.48,0.522,0.377,,,,,,,,,,,2
0,1,0,1,0,0,1,1,1,695,3.47,0.408,0.462,0.371,,,,,,,,,,,2
1,0,0,0,1,0,0,0,0,553,4.37,0.23,0.192,0.322,,,,,,,,,,,3
0,1,0,0,1,1,1,1,0,273,4.36,0.24,0.372,0.104,,,,,,,,,,,2
1,0,0,0,1,0,0,0,1,323,1.33,0.32,0.342,0.325,,,,,,,,,,,2
0,1,0,0,1,0,1,1,0,249,3.66,0.168,0.312,0.098,,,,,,,,,,,2
1,0,0,1,1,0,0,1,1,1074,3.71,0.503,0.462,0.607,,,,,,,,,,,3
1,0,0,0,0,1,0,0,0,648,1.55,0.272,0.192,0.322,,,,,,,,,,,3
1,0,0,1,1,1,1,1,0,1313,1.5,0.5,0.432,0.616,,,,,,,,,,,3
1,0,0,1,1,1,0,1,1,834,4.9,0.575,0.522,0.613,,,,,,,,,,,3
0,1,0,0,1,0,0,1,0,1508,1.8,0.153,0.252,0.092,,,,,,,,,,,2
0,1,0,0,1,1,0,0,1,1448,2.86,0.312,0.402,0.095,,,,,,,,,,,2
1,0,0,1,1,1,0,0,1,1403,2.56,0.572,0.462,0.607,,,,,,,,,,,3
1,0,0,0,1,0,1,1,0,589,4.09,0.248,0.312,0.334,,,,,,,,,,,3
1,0,0,0,1,1,1,1,0,1280,4.64,0.32,0.372,0.34,,,,,,,,,,,2
1,0,0,1,1,0,0,1,1,1512,2.83,0.503,0.462,0.607,,,,,,,,,,,3
1,0,0,0,1,1,0,1,0,218,1.96,0.305,0.312,0.334,,,,,,,,,,,3
0,1,0,0,1,0,1,0,1,1435,1.51,0.255,0.402,0.095,,,,,,,,,,,2
0,1,0,1,0,0,1,1,0,1368,4.52,0.318,0.312,0.368,,,,,,,,,,,3
0,1,0,0,0,1,0,0,1,711,3.68,0.282,0.342,0.089,,,,,,,,,,,2
1,0,0,0,1,1,1,0,0,1381,2.4,0.317,0.312,0.334,,,,,,,,,,,3
1,0,0,0,0,1,1,0,1,381,1.49,0.377,0.402,0.331,,,,,,,,,,,2
1,0,0,0,0,1,1,0,1,778,3.78,0.377,0.402,0.331,,,,,,,,,,,2
1,0,0,0,1,1,1,0,1,1095,2.78,0.407,0.462,0.337,,,,,,,,,,,2
0,1,0,0,1,0,1,1,1,322,2.65,0.258,0.462,0.101,,,,,,,,,,,2
0,1,0,1,0,0,0,1,1,1570,2.13,0.393,0.402,0.365,,,,,,,,,,,2
0,1,0,1,1,1,0,1,0,1032,1.94,0.405,0.372,0.374,,,,,,,,,,,1
0,1,0,0,1,1,1,0,0,718,4.52,0.237,0.312,0.098,,,,,,,,,,,2
0,1,0,0,1,0,1,1,0,609,3.97,0.168,0.312,0.098,,,,,,,,,,,2
1,0,0,0,1,1,0,0,1,418,4.33,0.392,0.402,0.331,,,,,,,,,,,2
1,0,0,1,0,0,1,1,0,705,3.31,0.398,0.312,0.604,,,,,,,,,,,3
1,0,0,1,0,0,0,0,0,1407,2.81,0.38,0.192,0.592,,,,,,,,,,,3
1,0,0,1,1,0,1,1,0,950,3.59,0.428,0.372,0.61,,,,,,,,,,,3
0,1,0,1,0,0,1,1,0,638,3.53,0.318,0.312,0.368,,,,,,,,,,,3
0,1,0,0,0,1,1,1,0,1273,1.76,0.21,0.312,0.098,,,,,,,,,,,2
1,0,0,1,0,1,0,1,1,554,3.95,0.545,0.462,0.607,,,,,,,,,,,3
0,1,0,1,0,1,1,0,0,1324,2.22,0.387,0.312,0.368,,,,,,,,,,,1
0,1,0,1,0,0,1,1,0,498,3.65,0.318,0.312,0.368,,,,,,,,,,,3
0,1,0,1,1,1,1,0,0,1466,4.62,0.417,0.372,0.374,,,,,,,,,,,1
0,1,0,1,1,0,1,1,1,398,1.79,0.438,0.522,0.377,,,,,,,,,,,2
1,0,0,0,1,0,0,0,1,1489,2.14,0.32,0.342,0.325,,,,,,,,,,,2
1,0,0,0,1,1,1,1,0,1194,4.24,0.32,0.372,0.34,,,,,,,,,,,2
0,1,0,0,1,0,1,0,1,446,1.46,0.255,0.402,0.095,,,,,,,,,,,2
0,1,0,0,0,0,0,0,1,380,1.39,0.21,0.282,0.083,,,,,,,,,,,2
1,0,0,0,1,1,0,1,1,1381,4.9,0.395,0.462,0.337,,,,,,,,,,,2
1,0,0,0,0,1,0,1,1,751,4.95,0.365,0.402,0.331,,,,,,,,,,,2
0,1,0,0,0,0,1,0,1,233,3.23,0.225,0.342,0.089,,,,,,,,,,,2
0,1,0,1,0,0,1,1,1,394,3.26,0.408,0.462,0.371,,,,,,,,,,,2
0,1,0,1,0,0,0,0,0,266,1.87,0.3,0.192,0.356,,,,,,,,,,,3
1,0,0,1,0,0,1,1,1,1574,1.43,0.488,0.462,0.607,,,,,,,,,,,3
0,1,0,0,0,1,0,0,0,1477,1.22,0.192,0.192,0.086,,,,,,,,,,,FALSE
0,1,0,1,1,0,1,1,0,807,2.66,0.348,0.372,0.374,,,,,,,,,,,3
1,0,0,1,0,0,0,1,0,1334,1.64,0.383,0.252,0.598,,,,,,,,,,,3
1,0,0,0,0,0,1,1,1,1231,1.44,0.308,0.402,0.331,,,,,,,,,,,2
1,0,0,1,1,0,0,1,0,1108,4.81,0.413,0.312,0.604,,,,,,,,,,,3
0,1,0,0,0,1,0,1,0,722,2.95,0.195,0.252,0.092,,,,,,,,,,,2
1,0,0,0,0,0,0,1,0,811,4.03,0.203,0.192,0.322,,,,,,,,,,,3
0,1,0,1,0,0,0,0,0,324,1.6,0.3,0.192,0.356,,,,,,,,,,,3
1,0,0,0,1,1,0,1,0,1089,1.22,0.305,0.312,0.334,,,,,,,,,,,3
0,1,0,0,1,1,0,1,1,1581,4.38,0.315,0.462,0.101,,,,,,,,,,,2
0,1,0,1,1,0,1,1,0,1129,3.98,0.348,0.372,0.374,,,,,,,,,,,3
0,1,0,1,0,0,1,0,0,1148,1.69,0.315,0.252,0.362,,,,,,,,,,,3
1,0,0,1,1,1,0,0,0,886,3.31,0.482,0.312,0.604,,,,,,,,,,,3
0,1,0,0,1,0,0,1,0,317,2.92,0.153,0.252,0.092,,,,,,,,,,,2
0,1,0,1,0,0,0,0,0,1398,4.1,0.3,0.192,0.356,,,,,,,,,,,3
1,0,0,0,1,1,0,1,1,710,2.58,0.395,0.462,0.337,,,,,,,,,,,2
0,1,0,1,0,1,0,1,1,644,2.72,0.465,0.462,0.371,,,,,,,,,,,1
1,0,0,1,1,1,1,1,1,1128,4.76,0.59,0.582,0.619,,,,,,,,,,,3
0,1,0,1,0,1,1,1,0,723,2.18,0.39,0.372,0.374,,,,,,,,,,,1
0,1,0,1,1,0,1,1,1,1177,3.16,0.438,0.522,0.377,,,,,,,,,,,2
1,0,0,1,0,0,0,1,0,702,3.51,0.383,0.252,0.598,,,,,,,,,,,3
0,1,0,0,1,1,1,0,0,1368,1.19,0.237,0.312,0.098,,,,,,,,,,,2
0,1,0,0,0,1,1,0,0,1586,1.15,0.207,0.252,0.092,,,,,,,,,,,2
1,0,0,0,1,0,0,1,0,1084,1.11,0.233,0.252,0.328,,,,,,,,,,,3
0,1,0,0,0,1,1,0,0,1349,3.52,0.207,0.252,0.092,,,,,,,,,,,2
0,1,0,1,1,1,1,0,1,1576,4.18,0.507,0.522,0.377,,,,,,,,,,,2
1,0,0,1,0,0,1,1,0,1380,1.59,0.398,0.312,0.604,,,,,,,,,,,3
0,1,0,1,0,0,0,0,1,1115,2.8,0.39,0.342,0.359,,,,,,,,,,,1
0,1,0,0,0,1,1,0,0,563,2.33,0.207,0.252,0.092,,,,,,,,,,,2
1,0,0,1,0,1,1,1,0,435,2.95,0.47,0.372,0.61,,,,,,,,,,,3
0,1,0,0,0,0,1,1,0,1470,3.11,0.138,0.252,0.092,,,,,,,,,,,2
0,1,0,1,0,1,0,1,1,1296,3.44,0.465,0.462,0.371,,,,,,,,,,,1
1,0,0,1,0,0,1,0,0,1098,1.67,0.395,0.252,0.598,,,,,,,,,,,3
0,1,0,0,0,1,1,0,0,222,4.31,0.207,0.252,0.092,,,,,,,,,,,2
0,1,0,0,0,0,0,0,0,1019,4.7,0.12,0.132,0.08,,,,,,,,,,,2
1,0,0,0,1,1,1,1,1,673,3.84,0.41,0.522,0.343,,,,,,,,,,,2
0,1,0,0,1,0,1,1,0,1004,2.44,0.168,0.312,0.098,,,,,,,,,,,2
0,1,0,0,1,1,1,0,0,1407,2.64,0.237,0.312,0.098,,,,,,,,,,,2
1,0,0,0,0,1,1,0,1,1590,1.67,0.377,0.402,0.331,,,,,,,,,,,2
0,1,0,1,1,0,0,0,1,1360,3.67,0.42,0.402,0.365,,,,,,,,,,,1
1,0,0,1,1,1,0,0,1,421,1.57,0.572,0.462,0.607,,,,,,,,,,,3
1,0,0,1,1,1,0,0,1,240,4.51,0.572,0.462,0.607,,,,,,,,,,,3
1,0,0,1,1,1,1,0,1,992,4.91,0.587,0.522,0.613,,,,,,,,,,,3
0,1,0,1,1,1,1,0,0,915,2.13,0.417,0.372,0.374,,,,,,,,,,,1
0,1,0,0,0,0,1,1,1,1111,3.18,0.228,0.402,0.095,,,,,,,,,,,2
1,0,0,1,0,1,1,0,1,1595,3.26,0.557,0.462,0.607,,,,,,,,,,,3
1,0,0,0,1,1,0,0,0,1472,4.64,0.302,0.252,0.328,,,,,,,,,,,3
0,1,0,1,0,1,1,1,0,889,4.12,0.39,0.372,0.374,,,,,,,,,,,1
0,1,0,0,1,1,0,0,1,714,2.8,0.312,0.402,0.095,,,,,,,,,,,2
0,1,0,1,1,0,1,1,1,1460,1.76,0.438,0.522,0.377,,,,,,,,,,,2
0,1,0,1,0,0,1,1,0,1544,1.94,0.318,0.312,0.368,,,,,,,,,,,3
1,0,0,0,0,1,0,0,1,1376,2.16,0.362,0.342,0.325,,,,,,,,,,,1
0,1,0,0,0,1,0,0,1,253,4.92,0.282,0.342,0.089,,,,,,,,,,,2
0,1,0,0,1,1,0,1,1,1479,3.17,0.315,0.462,0.101,,,,,,,,,,,2
0,1,0,1,1,0,1,1,0,272,1.4,0.348,0.372,0.374,,,,,,,,,,,3
1,0,0,1,0,0,1,1,1,608,4.85,0.488,0.462,0.607,,,,,,,,,,,3
1,0,0,0,0,1,1,0,0,430,2.82,0.287,0.252,0.328,,,,,,,,,,,3
0,1,0,1,0,0,0,0,1,1166,4.56,0.39,0.342,0.359,,,,,,,,,,,1
1,0,0,1,0,1,1,0,0,386,4.3,0.467,0.312,0.604,,,,,,,,,,,3
0,1,0,1,1,1,1,1,1,918,3.35,0.51,0.582,0.383,,,,,,,,,,,2
0,1,0,1,0,1,1,1,1,893,1.32,0.48,0.522,0.377,,,,,,,,,,,2
1,0,0,0,1,0,0,0,0,211,4.29,0.23,0.192,0.322,,,,,,,,,,,3
0,1,0,0,0,1,1,0,0,597,3.76,0.207,0.252,0.092,,,,,,,,,,,2
0,1,0,1,1,1,0,0,1,1113,1.06,0.492,0.462,0.371,,,,,,,,,,,1
0,1,0,0,0,1,0,1,1,1370,4.68,0.285,0.402,0.095,,,,,,,,,,,2
0,1,0,1,1,1,0,0,0,474,1.39,0.402,0.312,0.368,,,,,,,,,,,1
1,0,0,0,1,1,0,1,1,463,3.53,0.395,0.462,0.337,,,,,,,,,,,2
1,0,0,1,0,1,0,0,1,323,4.4,0.542,0.402,0.601,,,,,,,,,,,3
0,1,0,0,0,1,0,0,1,287,4.85,0.282,0.342,0.089,,,,,,,,,,,2
0,1,0,1,1,1,0,0,0,1277,3.18,0.402,0.312,0.368,,,,,,,,,,,1
1,0,0,0,1,0,1,1,1,926,1.15,0.338,0.462,0.337,,,,,,,,,,,2
1,0,0,1,0,1,1,0,0,734,3.15,0.467,0.312,0.604,,,,,,,,,,,3
0,1,0,0,0,1,0,1,0,1311,2.27,0.195,0.252,0.092,,,,,,,,,,,2
0,1,0,1,0,0,0,1,0,542,4.45,0.303,0.252,0.362,,,,,,,,,,,3
0,1,0,1,1,0,0,1,1,930,1.95,0.423,0.462,0.371,,,,,,,,,,,2
1,0,0,0,0,0,1,0,1,761,4.76,0.305,0.342,0.325,,,,,,,,,,,2
0,1,0,1,1,0,0,0,0,775,3.67,0.33,0.252,0.362,,,,,,,,,,,3
0,1,0,0,0,0,0,1,1,755,1.27,0.213,0.342,0.089,,,,,,,,,,,2
0,1,0,0,0,1,1,1,1,357,3.44,0.3,0.462,0.101,,,,,,,,,,,2
0,1,0,0,1,0,0,1,1,871,2.84,0.243,0.402,0.095,,,,,,,,,,,2
0,1,0,0,1,0,1,1,1,338,2.52,0.258,0.462,0.101,,,,,,,,,,,2
0,1,0,0,1,0,1,1,1,856,1.53,0.258,0.462,0.101,,,,,,,,,,,2
0,1,0,0,1,0,1,0,1,1344,3.29,0.255,0.402,0.095,,,,,,,,,,,2
0,1,0,1,0,0,1,0,1,1199,1.22,0.405,0.402,0.365,,,,,,,,,,,1
1,0,0,0,0,0,1,1,0,856,2.59,0.218,0.252,0.328,,,,,,,,,,,3
0,1,0,0,1,1,0,0,0,733,1.32,0.222,0.252,0.092,,,,,,,,,,,2
0,1,0,0,1,0,0,1,1,543,2.19,0.243,0.402,0.095,,,,,,,,,,,2
0,1,0,0,0,0,0,0,0,790,2.73,0.12,0.132,0.08,,,,,,,,,,,2
0,1,0,1,0,1,0,1,0,1024,3,0.375,0.312,0.368,,,,,,,,,,,1
0,1,0,1,0,0,1,0,0,1064,2.21,0.315,0.252,0.362,,,,,,,,,,,3
1,0,0,1,1,0,1,1,1,1518,1.52,0.518,0.522,0.613,,,,,,,,,,,3
1,0,0,1,1,0,0,1,1,1205,1.68,0.503,0.462,0.607,,,,,,,,,,,3
1,0,0,0,1,0,1,0,0,1411,2.51,0.245,0.252,0.328,,,,,,,,,,,3
1,0,0,1,0,1,1,0,1,438,2.03,0.557,0.462,0.607,,,,,,,,,,,3
1,0,0,1,0,0,0,1,1,1546,3.71,0.473,0.402,0.601,,,,,,,,,,,3
1,0,0,1,1,0,0,0,1,1281,4.77,0.5,0.402,0.601,,,,,,,,,,,3
0,1,0,1,0,1,1,1,0,1340,3.23,0.39,0.372,0.374,,,,,,,,,,,1
0,1,0,1,0,0,1,1,0,894,2.6,0.318,0.312,0.368,,,,,,,,,,,3
1,0,0,1,0,1,1,1,1,1342,3.7,0.56,0.522,0.613,,,,,,,,,,,3
0,1,0,0,1,1,1,1,0,1076,2.84,0.24,0.372,0.104,,,,,,,,,,,2
0,1,0,1,1,0,1,0,1,1023,3.03,0.435,0.462,0.371,,,,,,,,,,,2
0,1,0,0,1,0,0,0,1,687,4.06,0.24,0.342,0.089,,,,,,,,,,,2
1,0,0,0,1,0,1,0,1,686,1.87,0.335,0.402,0.331,,,,,,,,,,,2
1,0,0,0,0,1,1,1,0,1576,2.01,0.29,0.312,0.334,,,,,,,,,,,3
1,0,0,1,0,1,0,1,0,1593,3.15,0.455,0.312,0.604,,,,,,,,,,,3
1,0,0,1,1,1,1,0,0,567,2.1,0.497,0.372,0.61,,,,,,,,,,,3
0,1,0,0,0,0,0,0,1,305,3.09,0.21,0.282,0.083,,,,,,,,,,,2
0,1,0,0,1,1,0,1,1,1208,3.38,0.315,0.462,0.101,,,,,,,,,,,2
1,0,0,0,1,1,0,0,0,688,1.75,0.302,0.252,0.328,,,,,,,,,,,3
0,1,0,0,1,1,0,0,1,565,4.37,0.312,0.402,0.095,,,,,,,,,,,2
0,1,0,0,1,1,1,0,1,360,4.53,0.327,0.462,0.101,,,,,,,,,,,2
0,1,0,0,0,1,1,0,0,1467,3.1,0.207,0.252,0.092,,,,,,,,,,,2
0,1,0,0,0,0,1,1,0,525,1.16,0.138,0.252,0.092,,,,,,,,,,,2
0,1,0,0,0,0,0,1,0,1174,1.84,0.123,0.192,0.086,,,,,,,,,,,2
0,1,0,1,1,1,1,0,1,852,4,0.507,0.522,0.377,,,,,,,,,,,2
1,0,0,0,0,1,0,0,0,1403,3.79,0.272,0.192,0.322,,,,,,,,,,,3
1,0,0,0,0,1,0,0,0,1006,3.71,0.272,0.192,0.322,,,,,,,,,,,3
1,0,0,0,0,0,0,0,1,1298,3.04,0.29,0.282,0.319,,,,,,,,,,,3
1,0,0,0,0,1,0,0,0,1586,1.44,0.272,0.192,0.322,,,,,,,,,,,3
1,0,0,0,0,0,0,1,1,1330,3.85,0.293,0.342,0.325,,,,,,,,,,,2
1,0,0,1,1,1,0,0,0,1229,2.27,0.482,0.312,0.604,,,,,,,,,,,3
0,1,0,1,1,0,0,1,1,1462,4.66,0.423,0.462,0.371,,,,,,,,,,,2
1,0,0,0,1,0,1,0,0,1494,1.65,0.245,0.252,0.328,,,,,,,,,,,3
0,1,0,0,1,0,1,1,0,1266,3.2,0.168,0.312,0.098,,,,,,,,,,,2
1,0,0,1,0,0,0,0,0,640,1.89,0.38,0.192,0.592,,,,,,,,,,,3
1,0,0,0,0,0,1,0,1,1159,3.04,0.305,0.342,0.325,,,,,,,,,,,2
0,1,0,1,0,1,1,0,0,633,2.86,0.387,0.312,0.368,,,,,,,,,,,1
0,1,0,0,0,1,0,0,1,934,2.41,0.282,0.342,0.089,,,,,,,,,,,2
1,0,0,1,1,1,0,1,0,1044,1.4,0.485,0.372,0.61,,,,,,,,,,,3
0,1,0,0,0,1,0,1,1,1143,1.9,0.285,0.402,0.095,,,,,,,,,,,2
0,1,0,1,0,1,0,1,1,1283,3.45,0.465,0.462,0.371,,,,,,,,,,,1
1,0,0,1,1,1,1,0,0,375,4.6,0.497,0.372,0.61,,,,,,,,,,,3
1,0,0,0,1,1,0,0,0,503,4.45,0.302,0.252,0.328,,,,,,,,,,,3
1,0,0,0,0,0,0,1,0,968,2.2,0.203,0.192,0.322,,,,,,,,,,,3
1,0,0,1,0,1,0,1,0,1216,2.39,0.455,0.312,0.604,,,,,,,,,,,3
0,1,0,0,1,1,1,0,1,1210,1.82,0.327,0.462,0.101,,,,,,,,,,,2
0,1,0,1,0,1,0,0,0,1437,1.82,0.372,0.252,0.362,,,,,,,,,,,1
0,1,0,0,0,1,0,0,1,419,2.67,0.282,0.342,0.089,,,,,,,,,,,2
0,1,0,0,1,1,0,1,1,1099,4.63,0.315,0.462,0.101,,,,,,,,,,,2
0,1,0,1,0,0,0,0,1,1207,2.28,0.39,0.342,0.359,,,,,,,,,,,1
1,0,0,0,0,1,0,1,0,1279,1.71,0.275,0.252,0.328,,,,,,,,,,,3
1,0,0,0,0,1,1,0,1,775,4.38,0.377,0.402,0.331,,,,,,,,,,,2
1,0,0,1,1,1,1,0,0,1019,2.09,0.497,0.372,0.61,,,,,,,,,,,3
1,0,0,0,0,1,0,0,1,447,3.59,0.362,0.342,0.325,,,,,,,,,,,1
0,1,0,1,1,0,1,1,0,1584,2.06,0.348,0.372,0.374,,,,,,,,,,,3
0,1,0,1,0,0,1,1,1,435,3.54,0.408,0.462,0.371,,,,,,,,,,,2
0,1,0,0,0,0,1,0,1,465,2.35,0.225,0.342,0.089,,,,,,,,,,,2
1,0,0,0,1,1,0,1,0,366,3.23,0.305,0.312,0.334,,,,,,,,,,,3
0,1,0,0,1,0,1,1,0,707,1.58,0.168,0.312,0.098,,,,,,,,,,,2
1,0,0,0,0,1,0,1,0,846,2.53,0.275,0.252,0.328,,,,,,,,,,,3
0,1,0,1,1,0,1,0,1,518,3.43,0.435,0.462,0.371,,,,,,,,,,,2
1,0,0,0,0,1,0,1,1,1393,3.96,0.365,0.402,0.331,,,,,,,,,,,2
0,1,0,1,0,1,0,1,1,1254,3.7,0.465,0.462,0.371,,,,,,,,,,,1
1,0,0,0,0,0,0,0,1,1444,2.99,0.29,0.282,0.319,,,,,,,,,,,3
1,0,0,1,1,1,1,1,0,1558,1.48,0.5,0.432,0.616,,,,,,,,,,,3
1,0,0,0,0,0,0,1,1,891,4.3,0.293,0.342,0.325,,,,,,,,,,,2
1,0,0,0,0,0,1,0,0,435,1.98,0.215,0.192,0.322,,,,,,,,,,,3
1,0,0,1,0,0,1,0,1,449,4.99,0.485,0.402,0.601,,,,,,,,,,,3
1,0,0,0,1,1,1,0,1,1342,1.9,0.407,0.462,0.337,,,,,,,,,,,2
0,1,0,1,1,0,0,0,0,1327,1.72,0.33,0.252,0.362,,,,,,,,,,,3
1,0,0,1,1,1,1,1,1,1057,3.46,0.59,0.582,0.619,,,,,,,,,,,3
1,0,0,0,0,1,0,1,0,1545,3.08,0.275,0.252,0.328,,,,,,,,,,,3
0,1,0,0,1,1,1,0,0,1075,3.2,0.237,0.312,0.098,,,,,,,,,,,2
0,1,0,1,0,0,0,1,1,425,4.65,0.393,0.402,0.365,,,,,,,,,,,2
1,0,0,0,0,1,1,0,0,1074,2.75,0.287,0.252,0.328,,,,,,,,,,,3
1,0,0,0,0,1,1,0,0,902,1.99,0.287,0.252,0.328,,,,,,,,,,,3
1,0,0,0,1,0,0,0,1,1064,1.31,0.32,0.342,0.325,,,,,,,,,,,2
0,1,0,1,1,0,1,1,1,500,1.98,0.438,0.522,0.377,,,,,,,,,,,2
0,1,0,1,0,1,1,1,1,757,1.93,0.48,0.522,0.377,,,,,,,,,,,2
1,0,0,1,1,0,0,0,1,711,4.15,0.5,0.402,0.601,,,,,,,,,,,3
0,1,0,1,1,1,0,0,0,1460,2.8,0.402,0.312,0.368,,,,,,,,,,,1
1,0,0,0,0,0,1,0,0,687,2.44,0.215,0.192,0.322,,,,,,,,,,,3
0,1,0,1,0,1,1,0,0,940,5,0.387,0.312,0.368,,,,,,,,,,,1
0,1,0,1,1,0,1,0,0,744,3.57,0.345,0.312,0.368,,,,,,,,,,,3
0,1,0,0,0,0,1,1,0,529,1.32,0.138,0.252,0.092,,,,,,,,,,,2
1,0,0,1,1,1,1,1,1,1221,1.66,0.59,0.582,0.619,,,,,,,,,,,3
0,1,0,0,0,0,1,1,1,1463,2.38,0.228,0.402,0.095,,,,,,,,,,,2
1,0,0,1,0,0,0,1,1,611,1.57,0.473,0.402,0.601,,,,,,,,,,,3
1,0,0,0,1,1,1,1,0,255,2.9,0.32,0.372,0.34,,,,,,,,,,,2
1,0,0,1,0,1,1,0,1,1242,2.56,0.557,0.462,0.607,,,,,,,,,,,3
0,1,0,0,0,1,0,0,1,656,4.8,0.282,0.342,0.089,,,,,,,,,,,2
1,0,0,0,1,1,0,1,1,248,3.18,0.395,0.462,0.337,,,,,,,,,,,2
0,1,0,1,0,0,1,1,0,990,3.13,0.318,0.312,0.368,,,,,,,,,,,3
1,0,0,0,1,1,1,1,1,1479,1.91,0.41,0.522,0.343,,,,,,,,,,,2
1,0,0,1,0,1,1,1,0,1567,4.43,0.47,0.372,0.61,,,,,,,,,,,3
1,0,0,1,0,0,0,0,0,467,2.92,0.38,0.192,0.592,,,,,,,,,,,3
1,0,0,1,1,1,0,1,1,299,2.02,0.575,0.522,0.613,,,,,,,,,,,3
0,1,0,0,1,1,0,1,0,347,2.11,0.225,0.312,0.098,,,,,,,,,,,2
0,1,0,1,1,0,0,0,0,1163,1.31,0.33,0.252,0.362,,,,,,,,,,,3
1,0,0,0,0,1,0,0,1,1518,4.52,0.362,0.342,0.325,,,,,,,,,,,1
0,1,0,0,1,0,1,1,1,1328,4.27,0.258,0.462,0.101,,,,,,,,,,,2
1,0,0,1,0,0,0,1,1,869,2.42,0.473,0.402,0.601,,,,,,,,,,,3
0,1,0,1,0,1,1,1,0,370,2.82,0.39,0.372,0.374,,,,,,,,,,,1
0,1,0,1,1,0,1,1,1,1583,1.8,0.438,0.522,0.377,,,,,,,,,,,2
0,1,0,0,1,1,0,1,1,1500,4.83,0.315,0.462,0.101,,,,,,,,,,,2
0,1,0,1,1,0,0,0,1,1354,1.32,0.42,0.402,0.365,,,,,,,,,,,1
0,1,0,1,0,1,0,0,1,966,2.83,0.462,0.402,0.365,,,,,,,,,,,1
1,0,0,0,1,0,0,0,1,656,3.05,0.32,0.342,0.325,,,,,,,,,,,2
0,1,0,1,1,0,1,1,1,457,4.49,0.438,0.522,0.377,,,,,,,,,,,2
0,1,0,0,0,1,1,1,1,1440,2.2,0.3,0.462,0.101,,,,,,,,,,,2
0,1,0,0,1,0,1,1,1,479,1.9,0.258,0.462,0.101,,,,,,,,,,,2
0,1,0,0,0,0,0,0,1,1471,1.09,0.21,0.282,0.083,,,,,,,,,,,2
1,0,0,1,0,0,1,1,0,1482,4.53,0.398,0.312,0.604,,,,,,,,,,,3
0,1,0,0,0,0,0,0,0,372,3.51,0.12,0.132,0.08,,,,,,,,,,,2
1,0,0,0,0,1,1,1,1,1019,3.1,0.38,0.462,0.337,,,,,,,,,,,2
0,1,0,1,0,1,0,0,1,272,4.93,0.462,0.402,0.365,,,,,,,,,,,1
0,1,0,1,0,0,0,0,0,340,2.01,0.3,0.192,0.356,,,,,,,,,,,3
1,0,0,1,0,0,0,1,1,600,2.83,0.473,0.402,0.601,,,,,,,,,,,3
0,1,0,0,1,1,0,1,0,305,3.82,0.225,0.312,0.098,,,,,,,,,,,2
0,1,0,0,1,0,1,0,0,430,3.33,0.165,0.252,0.092,,,,,,,,,,,2
1,0,0,0,0,1,1,1,1,999,2.68,0.38,0.462,0.337,,,,,,,,,,,2
1,0,0,1,1,0,0,0,1,1525,4.46,0.5,0.402,0.601,,,,,,,,,,,3
1,0,0,1,0,0,1,1,0,444,1.05,0.398,0.312,0.604,,,,,,,,,,,3
0,1,0,0,0,0,0,0,1,955,3.02,0.21,0.282,0.083,,,,,,,,,,,2
1,0,0,0,0,0,1,0,1,704,2.24,0.305,0.342,0.325,,,,,,,,,,,2
0,1,0,1,1,1,0,1,1,906,1.78,0.495,0.522,0.377,,,,,,,,,,,2
1,0,0,1,0,0,1,1,0,1474,4.62,0.398,0.312,0.604,,,,,,,,,,,3
0,1,0,1,1,0,1,1,0,967,3.1,0.348,0.372,0.374,,,,,,,,,,,3
1,0,0,0,1,0,0,0,1,1525,1.22,0.32,0.342,0.325,,,,,,,,,,,2
1,0,0,1,0,1,1,0,1,1099,4.24,0.557,0.462,0.607,,,,,,,,,,,3
0,1,0,1,0,0,1,0,0,396,2.89,0.315,0.252,0.362,,,,,,,,,,,3
0,1,0,0,0,0,0,0,0,884,2.56,0.12,0.132,0.08,,,,,,,,,,,2
1,0,0,0,0,0,0,0,0,1054,2.52,0.2,0.132,0.316,,,,,,,,,,,3
1,0,0,0,1,1,1,1,1,759,1.18,0.41,0.522,0.343,,,,,,,,,,,2
0,1,0,0,1,1,0,0,0,744,4.34,0.222,0.252,0.092,,,,,,,,,,,2
1,0,0,0,1,1,0,1,1,1184,4.84,0.395,0.462,0.337,,,,,,,,,,,2
1,0,0,1,1,0,1,0,1,396,3.22,0.515,0.462,0.607,,,,,,,,,,,3
0,1,0,1,0,1,0,1,1,379,2.56,0.465,0.462,0.371,,,,,,,,,,,1
0,1,0,0,0,1,0,0,0,594,3.42,0.192,0.192,0.086,,,,,,,,,,,FALSE
1,0,0,1,0,1,1,0,0,1207,4.92,0.467,0.312,0.604,,,,,,,,,,,3
1,0,0,1,0,0,0,0,1,817,1.13,0.47,0.342,0.595,,,,,,,,,,,3
0,1,0,0,1,0,1,1,0,383,4,0.168,0.312,0.098,,,,,,,,,,,2
1,0,0,0,1,1,1,0,1,293,3.99,0.407,0.462,0.337,,,,,,,,,,,2
0,1,0,1,0,1,0,1,0,1144,4.28,0.375,0.312,0.368,,,,,,,,,,,1
1,0,0,1,1,1,1,1,0,1149,3.31,0.5,0.432,0.616,,,,,,,,,,,3
1,0,0,0,0,1,1,1,0,1421,2.28,0.29,0.312,0.334,,,,,,,,,,,3
0,1,0,0,0,1,0,0,0,1391,2.29,0.192,0.192,0.086,,,,,,,,,,,FALSE
1,0,0,1,1,0,1,0,1,973,2.55,0.515,0.462,0.607,,,,,,,,,,,3
1,0,0,0,1,0,0,1,0,1563,1.76,0.233,0.252,0.328,,,,,,,,,,,3
1,0,0,0,0,0,0,1,1,411,1.14,0.293,0.342,0.325,,,,,,,,,,,2
1,0,0,0,0,0,1,1,1,1442,3.91,0.308,0.402,0.331,,,,,,,,,,,2
1,0,0,0,0,0,0,1,0,562,4.9,0.203,0.192,0.322,,,,,,,,,,,3
1,0,0,0,1,0,0,1,0,1299,4.72,0.233,0.252,0.328,,,,,,,,,,,3
0,1,0,0,1,1,0,0,0,1465,4.01,0.222,0.252,0.092,,,,,,,,,,,2
0,1,0,0,1,0,0,0,0,491,2.89,0.15,0.192,0.086,,,,,,,,,,,2
1,0,0,1,1,0,0,1,1,1084,4.62,0.503,0.462,0.607,,,,,,,,,,,3
0,1,0,1,1,0,1,1,0,783,4.87,0.348,0.372,0.374,,,,,,,,,,,3
1,0,0,0,0,1,1,1,0,1037,3.07,0.29,0.312,0.334,,,,,,,,,,,3
0,1,0,1,1,0,1,0,0,255,4.23,0.345,0.312,0.368,,,,,,,,,,,3
1,0,0,1,0,1,1,0,1,844,1.28,0.557,0.462,0.607,,,,,,,,,,,3
0,1,0,0,0,1,1,1,1,633,2.74,0.3,0.462,0.101,,,,,,,,,,,2
1,0,0,0,0,0,0,1,0,557,1.53,0.203,0.192,0.322,,,,,,,,,,,3
0,1,0,0,1,1,0,0,1,1238,2.15,0.312,0.402,0.095,,,,,,,,,,,2
1,0,0,1,1,1,1,0,0,991,4.55,0.497,0.372,0.61,,,,,,,,,,,3
0,1,0,1,0,0,0,0,0,536,1.1,0.3,0.192,0.356,,,,,,,,,,,3
0,1,0,0,0,1,0,0,0,1015,3.69,0.192,0.192,0.086,,,,,,,,,,,FALSE
1,0,0,1,0,1,1,1,0,1121,1.06,0.47,0.372,0.61,,,,,,,,,,,3
0,1,0,0,1,0,1,0,0,1062,3.24,0.165,0.252,0.092,,,,,,,,,,,2
0,1,0,1,1,0,0,0,1,813,2.23,0.42,0.402,0.365,,,,,,,,,,,1
0,1,0,1,0,1,0,0,0,1537,3.03,0.372,0.252,0.362,,,,,,,,,,,1
0,1,0,0,1,0,1,0,1,667,3.6,0.255,0.402,0.095,,,,,,,,,,,2
0,1,0,1,1,1,1,0,1,988,1.59,0.507,0.522,0.377,,,,,,,,,,,2
1,0,0,1,0,1,1,0,1,407,1.63,0.557,0.462,0.607,,,,,,,,,,,3
0,1,0,0,0,0,0,1,0,1160,4.36,0.123,0.192,0.086,,,,,,,,,,,2
1,0,0,0,1,0,0,1,1,431,2.98,0.323,0.402,0.331,,,,,,,,,,,2
0,1,0,0,1,1,0,0,1,1286,3.65,0.312,0.402,0.095,,,,,,,,,,,2
0,1,0,1,1,0,0,1,1,518,2.7,0.423,0.462,0.371,,,,,,,,,,,2
1,0,0,0,0,1,1,0,1,917,2.12,0.377,0.402,0.331,,,,,,,,,,,2
1,0,0,0,0,0,1,0,0,350,3.25,0.215,0.192,0.322,,,,,,,,,,,3
0,1,0,1,0,0,0,1,0,232,3.15,0.303,0.252,0.362,,,,,,,,,,,3
0,1,0,0,0,0,0,1,1,1469,1.69,0.213,0.342,0.089,,,,,,,,,,,2
0,1,0,1,0,0,1,1,1,1562,2.06,0.408,0.462,0.371,,,,,,,,,,,2
1,0,0,0,0,0,0,0,0,580,1.04,0.2,0.132,0.316,,,,,,,,,,,3
0,1,0,0,0,0,0,0,0,1396,3.92,0.12,0.132,0.08,,,,,,,,,,,2
0,1,0,1,1,0,0,1,1,1475,4.53,0.423,0.462,0.371,,,,,,,,,,,2
0,1,0,0,1,1,1,0,0,1515,1.85,0.237,0.312,0.098,,,,,,,,,,,2
0,1,0,0,0,1,1,0,1,595,3.8,0.297,0.402,0.095,,,,,,,,,,,2
1,0,0,1,1,0,0,1,0,397,2.72,0.413,0.312,0.604,,,,,,,,,,,3
1,0,0,1,1,0,0,0,0,659,1.96,0.41,0.252,0.598,,,,,,,,,,,3
0,1,0,1,1,1,0,0,1,289,4.44,0.492,0.462,0.371,,,,,,,,,,,1
1,0,0,0,0,0,0,1,0,1381,1.92,0.203,0.192,0.322,,,,,,,,,,,3
0,1,0,1,0,1,1,1,1,1074,2.14,0.48,0.522,0.377,,,,,,,,,,,2
1,0,0,1,0,1,1,0,1,1289,2.52,0.557,0.462,0.607,,,,,,,,,,,3
0,1,0,1,1,1,0,1,0,1133,3.79,0.405,0.372,0.374,,,,,,,,,,,1
1,0,0,0,1,1,1,1,1,224,3.48,0.41,0.522,0.343,,,,,,,,,,,2
0,1,0,1,1,0,1,0,0,1225,2.66,0.345,0.312,0.368,,,,,,,,,,,3
1,0,0,0,1,1,1,1,1,446,3.37,0.41,0.522,0.343,,,,,,,,,,,2
0,1,0,0,1,1,1,0,1,1538,4.76,0.327,0.462,0.101,,,,,,,,,,,2
1,0,0,1,0,0,1,1,0,689,1.45,0.398,0.312,0.604,,,,,,,,,,,3
0,1,0,0,1,1,1,0,1,510,4.98,0.327,0.462,0.101,,,,,,,,,,,2
1,0,0,1,0,0,0,0,0,1222,4.81,0.38,0.192,0.592,,,,,,,,,,,3
1,0,0,1,1,0,1,1,1,1139,4.05,0.518,0.522,0.613,,,,,,,,,,,3
0,1,0,0,0,1,1,1,0,482,4.94,0.21,0.312,0.098,,,,,,,,,,,2
1,0,0,0,0,1,1,0,0,374,3.28,0.287,0.252,0.328,,,,,,,,,,,3
0,1,0,0,1,0,0,1,0,1511,3.46,0.153,0.252,0.092,,,,,,,,,,,2
1,0,0,1,0,1,1,0,0,245,3.37,0.467,0.312,0.604,,,,,,,,,,,3
0,1,0,0,0,1,1,1,0,664,4.25,0.21,0.312,0.098,,,,,,,,,,,2
0,1,0,1,0,0,1,0,0,444,2.43,0.315,0.252,0.362,,,,,,,,,,,3
0,1,0,0,0,0,1,0,1,935,3.5,0.225,0.342,0.089,,,,,,,,,,,2
1,0,0,1,0,0,0,1,1,1553,2.81,0.473,0.402,0.601,,,,,,,,,,,3
1,0,0,1,0,0,0,0,0,1442,2.62,0.38,0.192,0.592,,,,,,,,,,,3
1,0,0,1,1,1,1,0,1,891,3.47,0.587,0.522,0.613,,,,,,,,,,,3
0,1,0,0,0,0,0,1,1,446,4.15,0.213,0.342,0.089,,,,,,,,,,,2
0,1,0,0,1,0,0,0,1,1408,4.4,0.24,0.342,0.089,,,,,,,,,,,2
0,1,0,1,1,0,0,1,0,704,1.2,0.333,0.312,0.368,,,,,,,,,,,3
0,1,0,0,1,0,1,1,0,1503,3.59,0.168,0.312,0.098,,,,,,,,,,,2
0,1,0,1,1,1,1,1,0,886,2.15,0.42,0.432,0.38,,,,,,,,,,,2
1,0,0,1,1,1,0,1,0,1333,2.72,0.485,0.372,0.61,,,,,,,,,,,3
0,1,0,0,1,1,0,0,0,817,4.15,0.222,0.252,0.092,,,,,,,,,,,2
0,1,0,0,1,0,0,0,0,1573,1.29,0.15,0.192,0.086,,,,,,,,,,,2
1,0,0,0,0,1,1,0,1,1207,1.01,0.377,0.402,0.331,,,,,,,,,,,2
1,0,0,0,1,0,1,0,0,1458,2.53,0.245,0.252,0.328,,,,,,,,,,,3
0,1,0,0,1,0,0,0,1,1072,3.58,0.24,0.342,0.089,,,,,,,,,,,2
1,0,0,0,1,0,1,0,1,798,3.78,0.335,0.402,0.331,,,,,,,,,,,2
0,1,0,1,0,0,0,0,0,680,3.82,0.3,0.192,0.356,,,,,,,,,,,3
1,0,0,1,1,1,1,0,1,1541,3.92,0.587,0.522,0.613,,,,,,,,,,,3
1,0,0,0,1,0,1,1,1,736,1.34,0.338,0.462,0.337,,,,,,,,,,,2
0,1,0,1,1,1,0,0,0,376,4.87,0.402,0.312,0.368,,,,,,,,,,,1
1,0,0,0,1,0,1,1,1,402,1.53,0.338,0.462,0.337,,,,,,,,,,,2
1,0,0,0,0,1,0,1,0,1456,2.31,0.275,0.252,0.328,,,,,,,,,,,3
1,0,0,0,0,0,0,1,0,902,3.31,0.203,0.192,0.322,,,,,,,,,,,3
0,1,0,0,1,0,1,1,1,1497,4.48,0.258,0.462,0.101,,,,,,,,,,,2
0,1,0,1,1,0,1,1,0,802,4.34,0.348,0.372,0.374,,,,,,,,,,,3
0,1,0,0,1,1,0,0,1,957,1.41,0.312,0.402,0.095,,,,,,,,,,,2
0,1,0,0,1,1,1,1,1,674,1.92,0.33,0.522,0.107,,,,,,,,,,,2
1,0,0,1,1,0,0,0,1,618,3.81,0.5,0.402,0.601,,,,,,,,,,,3
1,0,0,0,0,1,0,0,0,1538,1.74,0.272,0.192,0.322,,,,,,,,,,,3
1,0,0,0,1,0,0,0,1,589,3.92,0.32,0.342,0.325,,,,,,,,,,,2
1,0,0,1,0,0,0,1,0,1505,1.96,0.383,0.252,0.598,,,,,,,,,,,3
0,1,0,0,1,1,1,1,1,1565,3.69,0.33,0.522,0.107,,,,,,,,,,,2
1,0,0,1,1,1,0,0,0,1325,4.83,0.482,0.312,0.604,,,,,,,,,,,3
0,1,0,1,0,1,1,1,0,780,3.11,0.39,0.372,0.374,,,,,,,,,,,1
0,1,0,1,0,1,0,1,1,1522,4.73,0.465,0.462,0.371,,,,,,,,,,,1
0,1,0,1,1,0,0,1,1,351,4.67,0.423,0.462,0.371,,,,,,,,,,,2
0,1,0,1,0,0,0,0,1,400,4.7,0.39,0.342,0.359,,,,,,,,,,,1
0,1,0,1,1,0,1,1,0,388,3.38,0.348,0.372,0.374,,,,,,,,,,,3
1,0,0,1,1,1,1,1,0,844,2.26,0.5,0.432,0.616,,,,,,,,,,,3
0,1,0,1,1,1,1,1,0,1283,2.23,0.42,0.432,0.38,,,,,,,,,,,2
1,0,0,1,1,0,0,0,0,922,2.25,0.41,0.252,0.598,,,,,,,,,,,3
0,1,0,0,0,1,0,1,0,1386,4.74,0.195,0.252,0.092,,,,,,,,,,,2
0,1,0,1,1,1,0,1,1,777,2.5,0.495,0.522,0.377,,,,,,,,,,,2
1,0,0,0,0,1,1,0,1,1348,1.58,0.377,0.402,0.331,,,,,,,,,,,2
1,0,0,1,0,1,1,0,1,942,1.32,0.557,0.462,0.607,,,,,,,,,,,3
1,0,0,1,0,1,1,0,1,1338,3.14,0.557,0.462,0.607,,,,,,,,,,,3
1,0,0,0,1,1,0,1,0,430,2.49,0.305,0.312,0.334,,,,,,,,,,,3
1,0,0,0,1,0,1,1,1,1138,1.18,0.338,0.462,0.337,,,,,,,,,,,2
1,0,0,1,1,0,0,0,0,390,2.67,0.41,0.252,0.598,,,,,,,,,,,3
1,0,0,1,0,1,0,1,1,1388,1.29,0.545,0.462,0.607,,,,,,,,,,,3
1,0,0,1,1,1,1,1,1,514,2.87,0.59,0.582,0.619,,,,,,,,,,,3
0,1,0,1,0,1,1,0,0,343,4.73,0.387,0.312,0.368,,,,,,,,,,,1
0,1,0,1,0,0,1,0,1,457,3.61,0.405,0.402,0.365,,,,,,,,,,,1
0,1,0,0,0,1,0,0,1,883,3.85,0.282,0.342,0.089,,,,,,,,,,,2
0,1,0,1,1,1,1,0,1,895,3.63,0.507,0.522,0.377,,,,,,,,,,,2
1,0,0,0,0,0,0,0,1,509,1.24,0.29,0.282,0.319,,,,,,,,,,,3
0,1,0,1,0,1,1,0,0,1538,2.25,0.387,0.312,0.368,,,,,,,,,,,1
1,0,0,0,0,1,0,1,1,1430,3.43,0.365,0.402,0.331,,,,,,,,,,,2
0,1,0,1,0,1,0,1,1,1238,1.61,0.465,0.462,0.371,,,,,,,,,,,1
1,0,0,0,0,0,1,0,0,1590,2.85,0.215,0.192,0.322,,,,,,,,,,,3
1,0,0,0,0,0,0,1,1,575,2.93,0.293,0.342,0.325,,,,,,,,,,,2
0,1,0,1,0,1,0,0,1,272,1.56,0.462,0.402,0.365,,,,,,,,,,,1
0,1,0,1,0,0,0,0,1,1593,1.92,0.39,0.342,0.359,,,,,,,,,,,1
1,0,0,1,1,1,0,1,1,552,3.35,0.575,0.522,0.613,,,,,,,,,,,3
0,1,0,0,1,1,0,0,1,1387,3.31,0.312,0.402,0.095,,,,,,,,,,,2
0,1,0,0,1,1,0,1,1,735,1.23,0.315,0.462,0.101,,,,,,,,,,,2
1,0,0,0,1,0,1,0,1,1478,2.57,0.335,0.402,0.331,,,,,,,,,,,2
1,0,0,0,0,0,0,0,1,682,1.38,0.29,0.282,0.319,,,,,,,,,,,3
1,0,0,1,0,1,1,0,0,316,4.14,0.467,0.312,0.604,,,,,,,,,,,3
0,1,0,1,1,0,0,0,0,203,2.65,0.33,0.252,0.362,,,,,,,,,,,3
0,1,0,0,0,1,0,1,0,1341,1.15,0.195,0.252,0.092,,,,,,,,,,,2
1,0,0,0,0,0,1,0,0,1538,2.4,0.215,0.192,0.322,,,,,,,,,,,3
0,1,0,0,0,0,0,0,0,1223,1.76,0.12,0.132,0.08,,,,,,,,,,,2
0,1,0,0,0,1,0,1,1,1007,2.77,0.285,0.402,0.095,,,,,,,,,,,2
0,1,0,1,1,1,1,0,0,606,3.36,0.417,0.372,0.374,,,,,,,,,,,1
0,1,0,0,0,1,0,0,0,272,2.91,0.192,0.192,0.086,,,,,,,,,,,FALSE
1,0,0,1,0,1,1,0,1,1392,3.94,0.557,0.462,0.607,,,,,,,,,,,3
0,1,0,0,1,1,0,0,1,1322,1.83,0.312,0.402,0.095,,,,,,,,,,,2
0,1,0,0,0,0,1,1,1,1305,4.43,0.228,0.402,0.095,,,,,,,,,,,2
1,0,0,1,1,0,1,1,0,1545,2.9,0.428,0.372,0.61,,,,,,,,,,,3
1,0,0,1,1,1,1,1,1,1414,2.95,0.59,0.582,0.619,,,,,,,,,,,3
1,0,0,0,0,1,0,1,1,1336,1.32,0.365,0.402,0.331,,,,,,,,,,,2
0,1,0,0,0,1,1,1,0,1136,4.79,0.21,0.312,0.098,,,,,,,,,,,2
1,0,0,1,1,0,1,1,0,511,4.84,0.428,0.372,0.61,,,,,,,,,,,3
1,0,0,1,1,1,0,0,0,1586,2.38,0.482,0.312,0.604,,,,,,,,,,,3
0,1,0,1,1,0,1,0,0,1381,2.93,0.345,0.312,0.368,,,,,,,,,,,3
1,0,0,1,0,1,1,1,1,1228,3.88,0.56,0.522,0.613,,,,,,,,,,,3
1,0,0,0,0,0,0,0,0,1196,1.67,0.2,0.132,0.316,,,,,,,,,,,3
1,0,0,0,0,0,1,1,1,812,2.18,0.308,0.402,0.331,,,,,,,,,,,2
0,1,0,1,1,0,0,0,0,379,3.23,0.33,0.252,0.362,,,,,,,,,,,3
1,0,0,0,0,1,0,0,0,240,2.33,0.272,0.192,0.322,,,,,,,,,,,3
0,1,0,1,0,1,1,0,1,640,4.81,0.477,0.462,0.371,,,,,,,,,,,1
0,1,0,0,0,1,0,1,0,204,3.02,0.195,0.252,0.092,,,,,,,,,,,2
0,1,0,1,0,1,0,0,1,1406,1.9,0.462,0.402,0.365,,,,,,,,,,,1
1,0,0,0,1,0,1,0,1,390,4.94,0.335,0.402,0.331,,,,,,,,,,,2
1,0,0,1,0,1,1,1,0,814,2.07,0.47,0.372,0.61,,,,,,,,,,,3
1,0,0,1,1,0,1,0,1,930,2.4,0.515,0.462,0.607,,,,,,,,,,,3
0,1,0,1,0,1,0,1,0,612,2.26,0.375,0.312,0.368,,,,,,,,,,,1
0,1,0,1,1,1,1,1,1,1497,1.87,0.51,0.582,0.383,,,,,,,,,,,2
1,0,0,1,0,1,1,0,1,1497,3.96,0.557,0.462,0.607,,,,,,,,,,,3
1,0,0,0,1,0,1,1,0,380,4.5,0.248,0.312,0.334,,,,,,,,,,,3
1,0,0,1,1,1,1,0,1,1377,4.1,0.587,0.522,0.613,,,,,,,,,,,3
0,1,0,1,1,0,1,0,1,264,2.21,0.435,0.462,0.371,,,,,,,,,,,2
0,1,0,1,1,0,1,1,0,809,3.17,0.348,0.372,0.374,,,,,,,,,,,3
0,1,0,0,1,0,1,1,1,890,1.42,0.258,0.462,0.101,,,,,,,,,,,2
0,1,0,0,0,0,1,0,0,330,3.19,0.135,0.192,0.086,,,,,,,,,,,2
0,1,0,0,1,1,0,1,0,796,4.1,0.225,0.312,0.098,,,,,,,,,,,2
1,0,0,0,0,0,1,0,1,1504,3.64,0.305,0.342,0.325,,,,,,,,,,,2
1,0,0,0,0,1,1,0,1,1382,3.61,0.377,0.402,0.331,,,,,,,,,,,2
0,1,0,1,0,1,0,1,0,1255,1.84,0.375,0.312,0.368,,,,,,,,,,,1
1,0,0,0,0,0,1,0,1,768,1.61,0.305,0.342,0.325,,,,,,,,,,,2
1,0,0,1,0,0,0,1,1,1474,3.35,0.473,0.402,0.601,,,,,,,,,,,3
1,0,0,1,0,1,1,1,0,632,3.2,0.47,0.372,0.61,,,,,,,,,,,3
1,0,0,1,0,0,1,1,0,1586,2.26,0.398,0.312,0.604,,,,,,,,,,,3
0,1,0,0,1,0,1,1,1,950,3.5,0.258,0.462,0.101,,,,,,,,,,,2
0,1,0,0,1,1,0,0,1,797,2.73,0.312,0.402,0.095,,,,,,,,,,,2
1,0,0,1,1,0,1,0,0,380,1.43,0.425,0.312,0.604,,,,,,,,,,,3
0,1,0,0,1,0,0,1,0,205,2.74,0.153,0.252,0.092,,,,,,,,,,,2
1,0,0,1,0,1,0,1,0,1265,4.51,0.455,0.312,0.604,,,,,,,,,,,3
0,1,0,1,1,0,1,0,1,730,2.91,0.435,0.462,0.371,,,,,,,,,,,2
0,1,0,1,1,0,0,0,1,700,1.24,0.42,0.402,0.365,,,,,,,,,,,1
0,1,0,1,0,1,1,1,0,1540,2.13,0.39,0.372,0.374,,,,,,,,,,,1
0,1,0,1,0,1,1,0,0,314,3.01,0.387,0.312,0.368,,,,,,,,,,,1
0,1,0,1,1,0,0,1,1,889,2.61,0.423,0.462,0.371,,,,,,,,,,,2
0,1,0,1,1,0,0,1,1,1058,4.42,0.423,0.462,0.371,,,,,,,,,,,2
1,0,0,0,1,1,1,0,0,583,2.97,0.317,0.312,0.334,,,,,,,,,,,3
0,1,0,0,1,1,0,1,1,344,2.91,0.315,0.462,0.101,,,,,,,,,,,2
0,1,0,1,0,1,0,0,0,440,3.27,0.372,0.252,0.362,,,,,,,,,,,1
1,0,0,1,1,0,0,0,1,1470,4.01,0.5,0.402,0.601,,,,,,,,,,,3
0,1,0,1,1,1,0,0,0,1250,3.27,0.402,0.312,0.368,,,,,,,,,,,1
0,1,0,0,1,0,1,1,1,226,2.83,0.258,0.462,0.101,,,,,,,,,,,2
0,1,0,0,0,0,0,1,1,714,2.2,0.213,0.342,0.089,,,,,,,,,,,2
0,1,0,0,1,0,0,0,1,330,3.88,0.24,0.342,0.089,,,,,,,,,,,2
1,0,0,0,1,0,0,1,1,632,4.67,0.323,0.402,0.331,,,,,,,,,,,2
0,1,0,0,0,1,1,1,1,271,1.56,0.3,0.462,0.101,,,,,,,,,,,2
1,0,0,1,1,1,1,1,1,531,3.65,0.59,0.582,0.619,,,,,,,,,,,3
0,1,0,1,0,1,0,0,1,1536,2.55,0.462,0.402,0.365,,,,,,,,,,,1
1,0,0,0,1,1,1,0,0,1222,2.93,0.317,0.312,0.334,,,,,,,,,,,3
1,0,0,0,0,1,0,0,0,1464,1.07,0.272,0.192,0.322,,,,,,,,,,,3
0,1,0,1,0,1,1,1,0,1401,4.86,0.39,0.372,0.374,,,,,,,,,,,1
1,0,0,0,1,0,0,1,1,837,3.41,0.323,0.402,0.331,,,,,,,,,,,2
1,0,0,0,1,1,1,0,0,646,3.1,0.317,0.312,0.334,,,,,,,,,,,3
0,1,0,0,0,1,0,0,0,1382,3.49,0.192,0.192,0.086,,,,,,,,,,,FALSE
1,0,0,0,1,1,0,0,0,1382,1.99,0.302,0.252,0.328,,,,,,,,,,,3
0,1,0,0,1,1,1,0,1,358,1.17,0.327,0.462,0.101,,,,,,,,,,,2
0,1,0,1,0,1,1,0,0,1085,1.99,0.387,0.312,0.368,,,,,,,,,,,1
1,0,0,1,1,0,1,0,1,1018,1.48,0.515,0.462,0.607,,,,,,,,,,,3
0,1,0,0,0,0,0,1,0,950,4.65,0.123,0.192,0.086,,,,,,,,,,,2
0,1,0,0,1,1,0,1,0,1489,1.01,0.225,0.312,0.098,,,,,,,,,,,2
1,0,0,0,0,1,0,0,1,1304,4.36,0.362,0.342,0.325,,,,,,,,,,,1
0,1,0,1,1,1,1,1,0,1274,4.35,0.42,0.432,0.38,,,,,,,,,,,2
0,1,0,0,0,0,1,1,1,1245,2.16,0.228,0.402,0.095,,,,,,,,,,,2
1,0,0,0,1,0,0,1,1,879,3.15,0.323,0.402,0.331,,,,,,,,,,,2
1,0,0,0,1,0,0,0,1,1600,2.14,0.32,0.342,0.325,,,,,,,,,,,2
1,0,0,1,0,1,0,0,0,782,2.67,0.452,0.252,0.598,,,,,,,,,,,3
0,1,0,0,0,1,0,0,1,977,1.52,0.282,0.342,0.089,,,,,,,,,,,2
1,0,0,1,0,0,1,1,0,414,1.61,0.398,0.312,0.604,,,,,,,,,,,3
1,0,0,0,0,1,1,1,0,1046,2.55,0.29,0.312,0.334,,,,,,,,,,,3
0,1,0,1,0,0,0,1,1,866,4.81,0.393,0.402,0.365,,,,,,,,,,,2
0,1,0,1,1,1,0,0,1,1420,4.32,0.492,0.462,0.371,,,,,,,,,,,1
0,1,0,1,1,1,1,1,0,1350,3.35,0.42,0.432,0.38,,,,,,,,,,,2
1,0,0,1,1,1,1,1,0,1195,3.35,0.5,0.432,0.616,,,,,,,,,,,3
1,0,0,1,0,1,1,0,1,226,2.47,0.557,0.462,0.607,,,,,,,,,,,3
1,0,0,1,0,0,0,1,0,1454,3.11,0.383,0.252,0.598,,,,,,,,,,,3
0,1,0,1,0,1,0,0,1,450,1.64,0.462,0.402,0.365,,,,,,,,,,,1
1,0,0,1,0,0,0,0,0,1231,2.81,0.38,0.192,0.592,,,,,,,,,,,3
0,1,0,1,1,0,1,0,1,608,1.76,0.435,0.462,0.371,,,,,,,,,,,2
0,1,0,0,1,0,0,1,0,1342,3.04,0.153,0.252,0.092,,,,,,,,,,,2
1,0,0,1,1,1,0,0,0,227,4.48,0.482,0.312,0.604,,,,,,,,,,,3
0,1,0,0,1,0,1,0,1,228,3.65,0.255,0.402,0.095,,,,,,,,,,,2
0,1,0,0,0,1,0,0,0,1570,4.78,0.192,0.192,0.086,,,,,,,,,,,FALSE
1,0,0,0,0,1,1,1,0,624,3.98,0.29,0.312,0.334,,,,,,,,,,,3
1,0,0,1,0,0,0,0,0,817,1.64,0.38,0.192,0.592,,,,,,,,,,,3
1,0,0,1,0,1,0,1,1,635,1.06,0.545,0.462,0.607,,,,,,,,,,,3
1,0,0,0,0,1,1,1,1,792,3.17,0.38,0.462,0.337,,,,,,,,,,,2
0,1,0,1,0,1,1,0,0,263,4.83,0.387,0.312,0.368,,,,,,,,,,,1
0,1,0,0,1,0,1,0,0,1319,2.93,0.165,0.252,0.092,,,,,,,,,,,2
1,0,0,1,0,0,0,0,1,1181,1.93,0.47,0.342,0.595,,,,,,,,,,,3
0,1,0,1,0,1,1,1,1,1541,3.17,0.48,0.522,0.377,,,,,,,,,,,2
1,0,0,1,1,0,1,0,1,314,1.93,0.515,0.462,0.607,,,,,,,,,,,3
0,1,0,1,0,1,0,0,0,991,2.12,0.372,0.252,0.362,,,,,,,,,,,1
1,0,0,1,1,0,0,0,1,426,1.48,0.5,0.402,0.601,,,,,,,,,,,3
1,0,0,1,1,1,0,0,1,1394,1.73,0.572,0.462,0.607,,,,,,,,,,,3
1,0,0,1,1,1,0,0,0,634,4.3,0.482,0.312,0.604,,,,,,,,,,,3
0,1,0,1,1,0,1,0,0,453,4.48,0.345,0.312,0.368,,,,,,,,,,,3
0,1,0,0,0,0,1,0,1,1182,3.13,0.225,0.342,0.089,,,,,,,,,,,2
0,1,0,0,0,1,1,0,0,1336,3.74,0.207,0.252,0.092,,,,,,,,,,,2
0,1,0,0,1,0,0,0,0,206,4.13,0.15,0.192,0.086,,,,,,,,,,,2
0,1,0,0,1,0,0,0,0,607,4.66,0.15,0.192,0.086,,,,,,,,,,,2
1,0,0,1,0,0,0,1,0,1593,4.18,0.383,0.252,0.598,,,,,,,,,,,3
1,0,0,1,0,0,0,1,1,1204,1.03,0.473,0.402,0.601,,,,,,,,,,,3
1,0,0,1,1,0,1,0,0,584,2.36,0.425,0.312,0.604,,,,,,,,,,,3
1,0,0,0,0,0,1,1,1,787,2.91,0.308,0.402,0.331,,,,,,,,,,,2
0,1,0,1,0,0,0,0,1,321,2.74,0.39,0.342,0.359,,,,,,,,,,,1
0,1,0,0,0,1,0,1,0,1478,4.67,0.195,0.252,0.092,,,,,,,,,,,2
1,0,0,0,1,1,0,1,1,1329,1.05,0.395,0.462,0.337,,,,,,,,,,,2
1,0,0,1,1,0,1,0,0,1444,4.83,0.425,0.312,0.604,,,,,,,,,,,3
1,0,0,1,0,1,1,1,1,857,1.81,0.56,0.522,0.613,,,,,,,,,,,3
1,0,0,0,0,0,0,1,0,703,3.75,0.203,0.192,0.322,,,,,,,,,,,3
1,0,0,0,0,0,0,1,1,329,4.83,0.293,0.342,0.325,,,,,,,,,,,2
0,1,0,0,0,1,0,0,0,275,2.35,0.192,0.192,0.086,,,,,,,,,,,FALSE
0,1,0,0,0,0,0,0,0,1343,3.93,0.12,0.132,0.08,,,,,,,,,,,2
1,0,0,0,0,1,0,1,1,544,3.53,0.365,0.402,0.331,,,,,,,,,,,2
0,1,0,1,1,0,0,1,0,644,4.78,0.333,0.312,0.368,,,,,,,,,,,3
1,0,0,1,0,0,0,0,0,1386,4.19,0.38,0.192,0.592,,,,,,,,,,,3
1,0,0,1,1,1,1,0,0,1416,4.76,0.497,0.372,0.61,,,,,,,,,,,3
1,0,0,1,0,0,1,0,1,1241,1.35,0.485,0.402,0.601,,,,,,,,,,,3
1,0,0,1,0,1,0,1,0,285,2.88,0.455,0.312,0.604,,,,,,,,,,,3
0,1,0,0,0,1,1,0,0,768,1.74,0.207,0.252,0.092,,,,,,,,,,,2
1,0,0,0,1,0,0,0,1,1550,4.2,0.32,0.342,0.325,,,,,,,,,,,2
0,1,0,0,1,0,1,1,1,1339,2.86,0.258,0.462,0.101,,,,,,,,,,,2
0,1,0,1,1,1,0,1,0,685,4.14,0.405,0.372,0.374,,,,,,,,,,,1
0,1,0,0,1,0,0,0,1,1341,4.34,0.24,0.342,0.089,,,,,,,,,,,2
1,0,0,1,0,1,1,0,1,554,1.37,0.557,0.462,0.607,,,,,,,,,,,3
0,1,0,0,0,0,1,1,0,319,1.03,0.138,0.252,0.092,,,,,,,,,,,2
0,1,0,0,1,1,0,0,1,503,2.62,0.312,0.402,0.095,,,,,,,,,,,2
1,0,0,0,1,0,1,0,1,298,2.42,0.335,0.402,0.331,,,,,,,,,,,2
0,1,0,0,0,1,0,1,1,1551,4.71,0.285,0.402,0.095,,,,,,,,,,,2
0,1,0,0,0,0,1,1,0,687,1.52,0.138,0.252,0.092,,,,,,,,,,,2
0,1,0,1,1,0,1,1,0,638,4.16,0.348,0.372,0.374,,,,,,,,,,,3
1,0,0,1,1,0,0,0,1,1179,3.62,0.5,0.402,0.601,,,,,,,,,,,3
1,0,0,0,1,1,1,1,1,783,1.19,0.41,0.522,0.343,,,,,,,,,,,2
1,0,0,1,0,0,0,0,1,641,1.68,0.47,0.342,0.595,,,,,,,,,,,3
0,1,0,0,0,0,1,0,1,948,2.82,0.225,0.342,0.089,,,,,,,,,,,2
1,0,0,1,1,1,0,0,1,1142,1.59,0.572,0.462,0.607,,,,,,,,,,,3
0,1,0,0,0,0,0,0,0,630,1.08,0.12,0.132,0.08,,,,,,,,,,,2
1,0,0,1,0,1,1,0,1,1046,2.29,0.557,0.462,0.607,,,,,,,,,,,3
1,0,0,0,1,1,0,1,0,502,2.86,0.305,0.312,0.334,,,,,,,,,,,3
0,1,0,0,1,0,1,1,0,923,2.5,0.168,0.312,0.098,,,,,,,,,,,2
0,1,0,0,1,0,0,0,1,1576,3.97,0.24,0.342,0.089,,,,,,,,,,,2
1,0,0,1,1,1,0,1,0,864,1.35,0.485,0.372,0.61,,,,,,,,,,,3
1,0,0,1,0,0,1,0,0,216,1.01,0.395,0.252,0.598,,,,,,,,,,,3
1,0,0,1,0,0,1,1,1,1167,4.86,0.488,0.462,0.607,,,,,,,,,,,3
0,1,0,1,0,1,1,0,1,524,3.64,0.477,0.462,0.371,,,,,,,,,,,1
0,1,0,1,0,0,0,0,1,1034,4.64,0.39,0.342,0.359,,,,,,,,,,,1
0,1,0,1,0,1,0,0,1,502,3.65,0.462,0.402,0.365,,,,,,,,,,,1
0,1,0,1,1,1,0,1,0,1278,4.61,0.405,0.372,0.374,,,,,,,,,,,1
1,0,0,0,1,1,0,1,1,1184,1.14,0.395,0.462,0.337,,,,,,,,,,,2
1,0,0,1,0,0,0,1,0,1331,4.33,0.383,0.252,0.598,,,,,,,,,,,3
1,0,0,0,0,1,0,1,0,295,3.95,0.275,0.252,0.328,,,,,,,,,,,3
1,0,0,1,1,0,0,0,0,580,1.03,0.41,0.252,0.598,,,,,,,,,,,3
0,1,0,0,0,0,0,0,1,1441,1.94,0.21,0.282,0.083,,,,,,,,,,,2
1,0,0,0,0,1,1,1,1,298,1.08,0.38,0.462,0.337,,,,,,,,,,,2
0,1,0,1,0,1,1,0,0,1276,2.87,0.387,0.312,0.368,,,,,,,,,,,1
1,0,0,1,1,1,0,1,1,1566,2.69,0.575,0.522,0.613,,,,,,,,,,,3
0,1,0,0,0,1,0,1,1,472,2.08,0.285,0.402,0.095,,,,,,,,,,,2
1,0,0,0,0,1,0,1,0,735,3.6,0.275,0.252,0.328,,,,,,,,,,,3
0,1,0,1,0,0,1,1,1,1199,3.87,0.408,0.462,0.371,,,,,,,,,,,2
1,0,0,0,0,0,1,0,0,329,4.62,0.215,0.192,0.322,,,,,,,,,,,3
0,1,0,1,1,1,0,1,1,272,1.85,0.495,0.522,0.377,,,,,,,,,,,2
1,0,0,1,0,1,0,1,1,1235,2.76,0.545,0.462,0.607,,,,,,,,,,,3
0,1,0,0,0,0,1,0,1,1397,4.16,0.225,0.342,0.089,,,,,,,,,,,2
0,1,0,1,0,1,1,0,0,539,1.36,0.387,0.312,0.368,,,,,,,,,,,1
1,0,0,0,0,1,1,1,0,1488,4.66,0.29,0.312,0.334,,,,,,,,,,,3
0,1,0,1,0,0,0,0,1,471,4.81,0.39,0.342,0.359,,,,,,,,,,,1
0,1,0,0,0,1,0,1,0,642,4.61,0.195,0.252,0.092,,,,,,,,,,,2
1,0,0,1,0,1,1,1,0,1465,2.5,0.47,0.372,0.61,,,,,,,,,,,3
0,1,0,1,1,0,0,1,0,1143,3.14,0.333,0.312,0.368,,,,,,,,,,,3
0,1,0,1,0,0,0,1,0,844,1.45,0.303,0.252,0.362,,,,,,,,,,,3
1,0,0,0,0,1,1,1,0,689,1.62,0.29,0.312,0.334,,,,,,,,,,,3
1,0,0,1,0,1,1,1,0,1459,3.16,0.47,0.372,0.61,,,,,,,,,,,3
1,0,0,0,0,0,1,1,1,1589,1.4,0.308,0.402,0.331,,,,,,,,,,,2
0,1,0,1,1,1,0,1,1,641,3.34,0.495,0.522,0.377,,,,,,,,,,,2
1,0,0,1,0,1,1,0,0,713,2.85,0.467,0.312,0.604,,,,,,,,,,,3
1,0,0,0,0,0,0,1,1,656,3.77,0.293,0.342,0.325,,,,,,,,,,,2
0,1,0,1,1,0,0,1,1,714,1.05,0.423,0.462,0.371,,,,,,,,,,,2
0,1,0,0,0,1,1,0,0,1189,3.58,0.207,0.252,0.092,,,,,,,,,,,2
1,0,0,1,0,1,0,1,1,469,3.19,0.545,0.462,0.607,,,,,,,,,,,3
0,1,0,1,1,0,1,0,0,611,2.57,0.345,0.312,0.368,,,,,,,,,,,3
0,1,0,0,0,1,1,1,0,528,4.2,0.21,0.312,0.098,,,,,,,,,,,2
0,1,0,0,1,1,1,1,1,939,3.9,0.33,0.522,0.107,,,,,,,,,,,2
0,1,0,1,0,0,0,0,0,521,4.59,0.3,0.192,0.356,,,,,,,,,,,3
1,0,0,0,0,1,1,0,1,379,2.88,0.377,0.402,0.331,,,,,,,,,,,2
0,1,0,0,1,0,0,1,0,1521,2.73,0.153,0.252,0.092,,,,,,,,,,,2
1,0,0,1,1,1,1,1,1,1581,1.55,0.59,0.582,0.619,,,,,,,,,,,3
0,1,0,1,1,1,0,1,1,395,1.22,0.495,0.522,0.377,,,,,,,,,,,2
1,0,0,1,0,1,0,0,0,982,2.38,0.452,0.252,0.598,,,,,,,,,,,3
1,0,0,0,0,0,0,0,1,557,3.71,0.29,0.282,0.319,,,,,,,,,,,3
1,0,0,0,0,0,0,0,0,234,4.24,0.2,0.132,0.316,,,,,,,,,,,3
1,0,0,0,1,0,0,1,1,1285,2.01,0.323,0.402,0.331,,,,,,,,,,,2
1,0,0,1,1,1,1,0,1,659,1.6,0.587,0.522,0.613,,,,,,,,,,,3
1,0,0,1,0,0,1,1,0,276,3.48,0.398,0.312,0.604,,,,,,,,,,,3
1,0,0,0,0,1,1,0,1,933,4.54,0.377,0.402,0.331,,,,,,,,,,,2
0,1,0,0,1,1,1,0,1,1374,4.75,0.327,0.462,0.101,,,,,,,,,,,2
0,1,0,1,0,0,1,1,1,1349,4.53,0.408,0.462,0.371,,,,,,,,,,,2
0,1,0,0,0,1,0,0,1,1581,4.09,0.282,0.342,0.089,,,,,,,,,,,2
0,1,0,1,0,1,1,0,1,681,4.86,0.477,0.462,0.371,,,,,,,,,,,1
0,1,0,0,0,1,0,1,0,946,2.02,0.195,0.252,0.092,,,,,,,,,,,2
0,1,0,1,1,1,0,0,0,317,4.51,0.402,0.312,0.368,,,,,,,,,,,1
0,1,0,0,1,1,0,1,1,902,2.94,0.315,0.462,0.101,,,,,,,,,,,2
0,1,0,0,1,1,0,0,1,1477,2.96,0.312,0.402,0.095,,,,,,,,,,,2
0,1,0,1,1,0,1,0,1,1570,3.26,0.435,0.462,0.371,,,,,,,,,,,2
0,1,0,1,1,1,0,0,0,1028,2.36,0.402,0.312,0.368,,,,,,,,,,,1
1,0,0,1,1,0,0,0,1,1308,1.99,0.5,0.402,0.601,,,,,,,,,,,3
0,1,0,1,0,1,1,0,1,469,1.89,0.477,0.462,0.371,,,,,,,,,,,1
0,1,0,1,1,1,1,1,1,540,1.86,0.51,0.582,0.383,,,,,,,,,,,2
0,1,0,1,1,1,0,1,1,790,1.01,0.495,0.522,0.377,,,,,,,,,,,2
1,0,0,0,1,0,0,1,1,1342,4.41,0.323,0.402,0.331,,,,,,,,,,,2
0,1,0,0,0,1,1,1,1,1192,2.21,0.3,0.462,0.101,,,,,,,,,,,2
0,1,0,1,0,1,1,0,1,365,1.89,0.477,0.462,0.371,,,,,,,,,,,1
0,1,0,0,0,0,1,0,0,414,3.42,0.135,0.192,0.086,,,,,,,,,,,2
1,0,0,0,0,0,1,1,0,1572,2.42,0.218,0.252,0.328,,,,,,,,,,,3
0,1,0,0,1,0,1,1,0,1232,1.15,0.168,0.312,0.098,,,,,,,,,,,2
0,1,0,0,1,0,0,1,0,1149,1.16,0.153,0.252,0.092,,,,,,,,,,,2
0,1,0,1,1,1,0,1,0,1275,3.18,0.405,0.372,0.374,,,,,,,,,,,1
1,0,0,0,0,1,1,0,1,1398,1.42,0.377,0.402,0.331,,,,,,,,,,,2
0,1,0,1,1,1,1,0,1,1341,2.91,0.507,0.522,0.377,,,,,,,,,,,2
0,1,0,0,0,0,1,0,0,248,3.2,0.135,0.192,0.086,,,,,,,,,,,2
0,1,0,0,1,0,0,0,0,938,1.43,0.15,0.192,0.086,,,,,,,,,,,2
0,1,0,0,0,1,1,0,0,972,1.18,0.207,0.252,0.092,,,,,,,,,,,2
1,0,0,0,0,0,1,0,1,455,3.79,0.305,0.342,0.325,,,,,,,,,,,2
1,0,0,1,0,1,1,0,0,201,3.57,0.467,0.312,0.604,,,,,,,,,,,3
1,0,0,1,0,1,1,0,0,738,2.37,0.467,0.312,0.604,,,,,,,,,,,3
0,1,0,1,1,1,0,1,1,850,1.57,0.495,0.522,0.377,,,,,,,,,,,2
0,1,0,1,1,1,0,1,0,914,2.32,0.405,0.372,0.374,,,,,,,,,,,1
0,1,0,0,0,0,0,0,0,592,4.58,0.12,0.132,0.08,,,,,,,,,,,2
1,0,0,0,0,0,0,1,1,1389,1.82,0.293,0.342,0.325,,,,,,,,,,,2
1,0,0,0,0,1,0,1,1,1024,1.94,0.365,0.402,0.331,,,,,,,,,,,2
0,1,0,0,1,0,1,0,1,618,2.18,0.255,0.402,0.095,,,,,,,,,,,2
0,1,0,0,0,1,1,1,1,1146,2.52,0.3,0.462,0.101,,,,,,,,,,,2
0,1,0,0,1,1,0,0,0,433,2.72,0.222,0.252,0.092,,,,,,,,,,,2
0,1,0,0,0,1,1,1,0,518,1.65,0.21,0.312,0.098,,,,,,,,,,,2
1,0,0,1,1,0,0,0,0,1597,4.34,0.41,0.252,0.598,,,,,,,,,,,3
0,1,0,0,1,1,1,1,0,204,3.61,0.24,0.372,0.104,,,,,,,,,,,2
0,1,0,1,0,1,1,1,1,529,2.36,0.48,0.522,0.377,,,,,,,,,,,2
0,1,0,1,1,1,1,0,1,1304,4.25,0.507,0.522,0.377,,,,,,,,,,,2
0,1,0,1,1,1,1,0,1,1384,1.84,0.507,0.522,0.377,,,,,,,,,,,2
0,1,0,1,1,1,1,1,1,713,3.19,0.51,0.582,0.383,,,,,,,,,,,2
1,0,0,0,1,1,1,0,1,1342,3.67,0.407,0.462,0.337,,,,,,,,,,,2
0,1,0,1,1,0,1,1,1,761,3.82,0.438,0.522,0.377,,,,,,,,,,,2
0,1,0,1,1,1,1,0,1,726,3.28,0.507,0.522,0.377,,,,,,,,,,,2
1,0,0,0,0,0,0,0,1,1554,2.72,0.29,0.282,0.319,,,,,,,,,,,3
0,1,0,0,0,0,0,1,1,476,4.38,0.213,0.342,0.089,,,,,,,,,,,2
1,0,0,1,0,0,0,0,0,1014,4.47,0.38,0.192,0.592,,,,,,,,,,,3
1,0,0,0,0,0,0,0,0,1004,4.14,0.2,0.132,0.316,,,,,,,,,,,3
0,1,0,1,1,0,1,1,1,509,2.56,0.438,0.522,0.377,,,,,,,,,,,2
1,0,0,0,1,0,0,0,1,1519,1.6,0.32,0.342,0.325,,,,,,,,,,,2
0,1,0,0,0,0,1,1,0,1544,4.82,0.138,0.252,0.092,,,,,,,,,,,2
0,1,0,0,0,0,1,0,0,578,3.65,0.135,0.192,0.086,,,,,,,,,,,2
0,1,0,1,1,1,1,0,1,795,1.11,0.507,0.522,0.377,,,,,,,,,,,2
0,1,0,0,0,1,1,0,0,1433,4.11,0.207,0.252,0.092,,,,,,,,,,,2
0,1,0,1,1,1,0,0,0,1231,2.49,0.402,0.312,0.368,,,,,,,,,,,1
0,1,0,1,0,1,0,0,0,1171,4.28,0.372,0.252,0.362,,,,,,,,,,,1
1,0,0,0,1,1,1,0,1,1206,4.63,0.407,0.462,0.337,,,,,,,,,,,2
1,0,0,0,0,0,1,0,0,1014,3.06,0.215,0.192,0.322,,,,,,,,,,,3
0,1,0,1,1,0,1,0,0,335,3.29,0.345,0.312,0.368,,,,,,,,,,,3
1,0,0,0,1,0,0,1,0,590,1.11,0.233,0.252,0.328,,,,,,,,,,,3
0,1,0,0,0,0,0,1,0,1169,2.51,0.123,0.192,0.086,,,,,,,,,,,2
1,0,0,1,1,1,1,1,0,834,1.2,0.5,0.432,0.616,,,,,,,,,,,3
1,0,0,0,0,0,1,1,0,1032,1.27,0.218,0.252,0.328,,,,,,,,,,,3
1,0,0,1,0,0,0,0,1,266,4.18,0.47,0.342,0.595,,,,,,,,,,,3
0,1,0,0,0,1,1,0,0,681,1.9,0.207,0.252,0.092,,,,,,,,,,,2
0,1,0,1,0,1,1,1,0,1267,4.41,0.39,0.372,0.374,,,,,,,,,,,1
1,0,0,1,0,0,1,0,0,520,4.2,0.395,0.252,0.598,,,,,,,,,,,3
0,1,0,1,0,1,0,1,0,361,1.07,0.375,0.312,0.368,,,,,,,,,,,1
1,0,0,0,1,1,0,1,1,1565,2.68,0.395,0.462,0.337,,,,,,,,,,,2
1,0,0,0,1,0,0,0,1,1059,4.43,0.32,0.342,0.325,,,,,,,,,,,2
0,1,0,0,1,0,1,1,1,347,4.28,0.258,0.462,0.101,,,,,,,,,,,2
1,0,0,0,0,1,1,0,0,1477,1.64,0.287,0.252,0.328,,,,,,,,,,,3
1,0,0,0,1,0,0,1,0,835,1.7,0.233,0.252,0.328,,,,,,,,,,,3
1,0,0,0,0,0,1,0,0,378,1.46,0.215,0.192,0.322,,,,,,,,,,,3
1,0,0,1,1,0,1,0,0,1216,3.85,0.425,0.312,0.604,,,,,,,,,,,3
1,0,0,1,0,0,1,1,1,712,4.55,0.488,0.462,0.607,,,,,,,,,,,3
1,0,0,0,0,0,0,1,1,1391,3.14,0.293,0.342,0.325,,,,,,,,,,,2
0,1,0,1,1,0,0,0,0,918,1.26,0.33,0.252,0.362,,,,,,,,,,,3
1,0,0,1,0,0,1,0,0,1112,2.64,0.395,0.252,0.598,,,,,,,,,,,3
0,1,0,0,1,0,1,1,0,351,1.17,0.168,0.312,0.098,,,,,,,,,,,2
1,0,0,1,1,0,1,1,0,739,1.18,0.428,0.372,0.61,,,,,,,,,,,3
1,0,0,0,0,1,0,1,0,1596,5,0.275,0.252,0.328,,,,,,,,,,,3
0,1,0,0,1,0,0,0,1,588,3.83,0.24,0.342,0.089,,,,,,,,,,,2
1,0,0,0,1,1,1,0,1,1555,2.43,0.407,0.462,0.337,,,,,,,,,,,2
1,0,0,0,0,1,0,0,1,1577,4.96,0.362,0.342,0.325,,,,,,,,,,,1
1,0,0,1,1,1,0,1,1,792,4.72,0.575,0.522,0.613,,,,,,,,,,,3
0,1,0,0,1,1,1,0,1,1118,4.39,0.327,0.462,0.101,,,,,,,,,,,2
0,1,0,0,1,1,1,1,1,202,4.02,0.33,0.522,0.107,,,,,,,,,,,2
0,1,0,1,0,0,0,1,1,619,4.2,0.393,0.402,0.365,,,,,,,,,,,2
1,0,0,0,0,1,1,0,0,853,2.17,0.287,0.252,0.328,,,,,,,,,,,3
0,1,0,0,1,1,1,1,1,885,4.52,0.33,0.522,0.107,,,,,,,,,,,2
0,1,0,0,0,0,1,1,0,1514,3.83,0.138,0.252,0.092,,,,,,,,,,,2
0,1,0,0,1,0,0,0,0,605,4.31,0.15,0.192,0.086,,,,,,,,,,,2
1,0,0,0,0,1,1,1,1,1458,1.82,0.38,0.462,0.337,,,,,,,,,,,2
1,0,0,1,0,0,0,1,1,1146,3.57,0.473,0.402,0.601,,,,,,,,,,,3
1,0,0,0,0,1,1,0,1,486,3.42,0.377,0.402,0.331,,,,,,,,,,,2
1,0,0,0,0,0,1,0,1,716,1.51,0.305,0.342,0.325,,,,,,,,,,,2
0,1,0,1,1,0,1,1,0,943,2.06,0.348,0.372,0.374,,,,,,,,,,,3
0,1,0,1,0,0,0,1,1,1029,4.19,0.393,0.402,0.365,,,,,,,,,,,2
0,1,0,1,0,1,0,1,1,1390,3.4,0.465,0.462,0.371,,,,,,,,,,,1
1,0,0,0,1,0,0,0,1,1333,4.65,0.32,0.342,0.325,,,,,,,,,,,2
0,1,0,1,0,0,1,0,1,660,4.53,0.405,0.402,0.365,,,,,,,,,,,1
0,1,0,1,0,1,1,0,0,776,2.32,0.387,0.312,0.368,,,,,,,,,,,1
1,0,0,1,0,0,1,1,0,1157,4.18,0.398,0.312,0.604,,,,,,,,,,,3
0,1,0,0,0,1,0,1,1,1076,2.61,0.285,0.402,0.095,,,,,,,,,,,2
1,0,0,1,1,1,0,1,0,663,3.68,0.485,0.372,0.61,,,,,,,,,,,3
0,1,0,0,0,1,1,1,1,804,1.22,0.3,0.462,0.101,,,,,,,,,,,2
0,1,0,0,0,1,1,0,0,1436,1.85,0.207,0.252,0.092,,,,,,,,,,,2
1,0,0,1,1,0,0,0,0,498,3.66,0.41,0.252,0.598,,,,,,,,,,,3
1,0,0,0,1,1,0,0,0,610,3.74,0.302,0.252,0.328,,,,,,,,,,,3
1,0,0,1,0,1,0,1,0,598,2.61,0.455,0.312,0.604,,,,,,,,,,,3
1,0,0,0,0,0,0,0,1,1086,3.85,0.29,0.282,0.319,,,,,,,,,,,3
0,1,0,1,0,1,1,1,0,1556,3.18,0.39,0.372,0.374,,,,,,,,,,,1
1,0,0,1,1,1,0,0,0,1219,3.28,0.482,0.312,0.604,,,,,,,,,,,3
0,1,0,1,1,0,1,0,1,1440,4.05,0.435,0.462,0.371,,,,,,,,,,,2
1,0,0,1,0,1,0,1,1,857,2.88,0.545,0.462,0.607,,,,,,,,,,,3
1,0,0,1,1,0,0,0,0,1185,1.28,0.41,0.252,0.598,,,,,,,,,,,3
1,0,0,0,1,1,1,0,1,947,3.14,0.407,0.462,0.337,,,,,,,,,,,2
1,0,0,1,0,0,0,1,1,1418,3.59,0.473,0.402,0.601,,,,,,,,,,,3
0,1,0,0,1,0,0,1,0,1179,1.28,0.153,0.252,0.092,,,,,,,,,,,2
0,1,0,0,0,1,0,1,0,851,2.3,0.195,0.252,0.092,,,,,,,,,,,2
1,0,0,1,1,0,1,0,0,1257,1.76,0.425,0.312,0.604,,,,,,,,,,,3
1,0,0,1,0,0,0,0,1,1101,2.97,0.47,0.342,0.595,,,,,,,,,,,3
1,0,0,1,1,1,0,0,0,500,2.7,0.482,0.312,0.604,,,,,,,,,,,3
1,0,0,0,1,0,0,0,0,546,2.97,0.23,0.192,0.322,,,,,,,,,,,3
1,0,0,0,1,1,0,1,1,1265,1.08,0.395,0.462,0.337,,,,,,,,,,,2
0,1,0,1,1,1,0,0,0,612,4.79,0.402,0.312,0.368,,,,,,,,,,,1
0,1,0,1,1,1,1,0,1,646,2.44,0.507,0.522,0.377,,,,,,,,,,,2
0,1,0,0,0,0,0,1,0,1238,1,0.123,0.192,0.086,,,,,,,,,,,2
1,0,0,1,1,0,1,1,0,627,1.95,0.428,0.372,0.61,,,,,,,,,,,3
1,0,0,0,1,1,0,1,0,928,1.66,0.305,0.312,0.334,,,,,,,,,,,3
0,1,0,1,0,1,1,0,1,1593,3.4,0.477,0.462,0.371,,,,,,,,,,,1
0,1,0,0,0,0,0,1,0,1367,3.16,0.123,0.192,0.086,,,,,,,,,,,2
1,0,0,0,0,0,1,1,1,1409,4.41,0.308,0.402,0.331,,,,,,,,,,,2
0,1,0,0,1,0,0,1,0,580,3.79,0.153,0.252,0.092,,,,,,,,,,,2
0,1,0,1,0,0,0,0,0,854,4.91,0.3,0.192,0.356,,,,,,,,,,,3
1,0,0,1,1,0,0,1,0,509,2.17,0.413,0.312,0.604,,,,,,,,,,,3
1,0,0,1,1,1,1,1,1,515,3.92,0.59,0.582,0.619,,,,,,,,,,,3
1,0,0,1,0,0,1,0,0,1287,2.93,0.395,0.252,0.598,,,,,,,,,,,3
1,0,0,1,0,1,0,1,0,1403,4.53,0.455,0.312,0.604,,,,,,,,,,,3
1,0,0,0,1,0,1,0,0,1521,2.62,0.245,0.252,0.328,,,,,,,,,,,3
0,1,0,0,1,0,0,0,0,1336,4.13,0.15,0.192,0.086,,,,,,,,,,,2
1,0,0,1,1,1,0,0,0,1174,2.34,0.482,0.312,0.604,,,,,,,,,,,3
1,0,0,0,0,0,1,1,1,1027,1.37,0.308,0.402,0.331,,,,,,,,,,,2
0,1,0,1,1,0,1,1,0,807,3.22,0.348,0.372,0.374,,,,,,,,,,,3
0,1,0,1,1,1,1,0,1,541,1.64,0.507,0.522,0.377,,,,,,,,,,,2
1,0,0,1,0,0,1,1,0,1067,1.56,0.398,0.312,0.604,,,,,,,,,,,3
1,0,0,1,1,1,0,1,1,687,4.73,0.575,0.522,0.613,,,,,,,,,,,3
0,1,0,0,0,0,0,0,0,293,4.04,0.12,0.132,0.08,,,,,,,,,,,2
1,0,0,1,0,1,0,1,1,1162,2.51,0.545,0.462,0.607,,,,,,,,,,,3
1,0,0,1,1,0,1,1,0,1243,4.79,0.428,0.372,0.61,,,,,,,,,,,3
0,1,0,1,0,1,0,1,1,618,2.61,0.465,0.462,0.371,,,,,,,,,,,1
0,1,0,1,0,1,1,1,0,657,2.91,0.39,0.372,0.374,,,,,,,,,,,1
0,1,0,1,0,1,0,1,0,1308,2.27,0.375,0.312,0.368,,,,,,,,,,,1
1,0,0,0,0,0,0,0,0,325,3.78,0.2,0.132,0.316,,,,,,,,,,,3
1,0,0,1,1,0,1,1,1,1436,3.98,0.518,0.522,0.613,,,,,,,,,,,3
1,0,0,1,0,1,1,0,1,1151,2.51,0.557,0.462,0.607,,,,,,,,,,,3
0,1,0,0,0,0,0,1,0,895,3.64,0.123,0.192,0.086,,,,,,,,,,,2
1,0,0,0,1,1,1,0,1,218,2.77,0.407,0.462,0.337,,,,,,,,,,,2
0,1,0,1,1,1,0,0,1,298,2.22,0.492,0.462,0.371,,,,,,,,,,,1
0,1,0,0,0,1,1,0,0,1478,3.6,0.207,0.252,0.092,,,,,,,,,,,2
1,0,0,1,0,0,1,1,1,1083,4.04,0.488,0.462,0.607,,,,,,,,,,,3
1,0,0,1,0,1,0,0,1,692,4.88,0.542,0.402,0.601,,,,,,,,,,,3
0,1,0,0,0,0,1,0,1,1402,2.64,0.225,0.342,0.089,,,,,,,,,,,2
1,0,0,1,1,0,1,0,1,967,4.79,0.515,0.462,0.607,,,,,,,,,,,3
0,1,0,0,0,1,1,1,1,1162,3.5,0.3,0.462,0.101,,,,,,,,,,,2
0,1,0,1,0,1,1,1,0,1540,2.8,0.39,0.372,0.374,,,,,,,,,,,1
0,1,0,1,0,0,1,1,0,399,3.54,0.318,0.312,0.368,,,,,,,,,,,3
0,1,0,0,0,1,1,0,1,663,3.69,0.297,0.402,0.095,,,,,,,,,,,2
0,1,0,1,0,0,1,0,1,935,3.73,0.405,0.402,0.365,,,,,,,,,,,1
1,0,0,1,0,1,0,1,0,763,2.61,0.455,0.312,0.604,,,,,,,,,,,3
1,0,0,1,1,0,0,0,0,1592,2.92,0.41,0.252,0.598,,,,,,,,,,,3
1,0,0,0,1,0,0,0,0,1323,3.74,0.23,0.192,0.322,,,,,,,,,,,3
0,1,0,0,0,0,1,1,1,924,2.75,0.228,0.402,0.095,,,,,,,,,,,2
0,1,0,1,0,0,1,1,0,1217,1.14,0.318,0.312,0.368,,,,,,,,,,,3
1,0,0,1,1,1,0,1,0,1313,4.92,0.485,0.372,0.61,,,,,,,,,,,3
0,1,0,0,1,0,1,0,0,416,1.15,0.165,0.252,0.092,,,,,,,,,,,2
0,1,0,1,1,1,1,0,0,631,1.17,0.417,0.372,0.374,,,,,,,,,,,1
0,1,0,0,1,0,1,0,0,1290,1.81,0.165,0.252,0.092,,,,,,,,,,,2
0,1,0,1,1,1,0,1,0,851,1.27,0.405,0.372,0.374,,,,,,,,,,,1
1,0,0,1,1,0,0,0,0,986,3.2,0.41,0.252,0.598,,,,,,,,,,,3
0,1,0,1,0,0,1,1,1,488,2.01,0.408,0.462,0.371,,,,,,,,,,,2
1,0,0,0,1,0,1,1,0,356,4.22,0.248,0.312,0.334,,,,,,,,,,,3
0,1,0,1,1,0,1,1,0,970,4.89,0.348,0.372,0.374,,,,,,,,,,,3
1,0,0,1,0,1,1,0,0,1466,4.8,0.467,0.312,0.604,,,,,,,,,,,3
1,0,0,0,0,1,0,1,0,1511,1.17,0.275,0.252,0.328,,,,,,,,,,,3
0,1,0,0,0,0,1,1,1,1309,1.19,0.228,0.402,0.095,,,,,,,,,,,2
0,1,0,1,1,0,1,0,1,341,2.4,0.435,0.462,0.371,,,,,,,,,,,2
0,1,0,0,1,1,0,1,1,608,1.76,0.315,0.462,0.101,,,,,,,,,,,2
1,0,0,1,0,0,0,1,0,1470,2.51,0.383,0.252,0.598,,,,,,,,,,,3
1,0,0,0,0,1,0,1,1,1188,1.95,0.365,0.402,0.331,,,,,,,,,,,2
0,1,0,1,0,0,1,1,1,303,4.32,0.408,0.462,0.371,,,,,,,,,,,2
1,0,0,1,1,0,1,1,1,280,3.85,0.518,0.522,0.613,,,,,,,,,,,3
1,0,0,1,0,1,0,0,1,221,3.68,0.542,0.402,0.601,,,,,,,,,,,3
0,1,0,0,0,1,1,1,0,300,2.98,0.21,0.312,0.098,,,,,,,,,,,2
1,0,0,0,1,1,1,1,0,1305,2.2,0.32,0.372,0.34,,,,,,,,,,,2
0,1,0,1,0,1,0,1,1,275,4.9,0.465,0.462,0.371,,,,,,,,,,,1
1,0,0,0,0,1,0,1,0,1015,2.04,0.275,0.252,0.328,,,,,,,,,,,3